,Material,"Diameter, (nm)",Zeta potential (mV),"Concentration, (g/L)",Viability (%),"Time, (h)","Molecular weight, (g/mol)",Average electronegativity,Elements,"Average ionic radius, Ã…"
0,TiO2,420.7,-9.96,1.6083618887379608e-11,119.31976,3.0,79.8658,2.806666666666666,Ti,0.8516666666666667
1,Fe3O4,957.0,49.25722173011928,7.994032100825751e-13,100.0,12.0,231.5326,2.75,Fe,0.8525
2,Au,6.3,24.4,0.0006,100.0,24.0,196.966569,2.54,Au, 
3,Fe3O4,957.0,49.25722173011928,1.59880642016515e-15,98.1579741,24.0,231.5326,2.75,Fe,0.8525
4,Ag,28.41,-33.33,7.110908360087976e-08,43.45515,48.0,107.8682,1.93,Ag,1.086666666666667
5,SiO2,19.4,-35.9,0.008,101.67,24.0, ,2.9266666666666663,Si, 
6,Al2O3,13.0,8.667160493827168,0.75,85.475,48.0,101.9612772, ,Al,0.675
7,SiO2,12.0,-35.9,0.4,24.89,24.0, ,2.9266666666666663,Si, 
8,SiO2,21.06,-35.9,0.05,61.071,24.0, ,2.9266666666666663,Si, 
9,Cu2O,88.5,118.7302016664654,1.091147106858293e-09,54.658386,24.0,143.0914,2.4133333333333336,Cu,0.82
10,ZnO,20.0,-26.0,0.08,24.89,24.0,81.4084,2.545,Zn,0.88
11,SiO2,59.72,-35.9,0.05,32.2,72.0, ,2.9266666666666663,Si, 
12,Fe3O4,361.4,12.1,1.855441514797428e-11,55.113636,168.0,231.5326,2.75,Fe,0.8525
13,C56H103N9O39,155.0,28.8,1.733317715418069e-06,93.211006,4.0,1526.45392,2.564830917874396,C,0.3
14,ZnO,67.0,44.1,7.65072847916516e-08,10.097847,48.0,81.4084,2.545,Zn,0.88
15,C56H103N9O39,260.0,47.0,2.754320596624287e-07,81.52838,24.0,1526.45392,2.564830917874396,C,0.3
16,ZrO2,10.0,-45.5,0.2,43.6,24.0, ,2.736666666666667,Zr, 
17,Au,6.3,24.4,0.0006,101.36,24.0,196.966569,2.54,Au, 
18,Pt,13.5,-40.5,2.93078455103354e-07,64.84472,48.0, , ,Pt,0.805
19,Au,25.0,24.4,0.0075,21.716,4.0,196.966569,2.54,Au, 
20,Au,33.69,24.4,0.04,116.24,96.0,196.966569,2.54,Au, 
21,ZnO,112.0,-26.0,1.310276996161598e-09,100.0,24.0,81.4084,2.545,Zn,0.88
22,MgO,639.0,-7.01,1.368414584861392e-15,98.8764,12.0,40.3044,2.375,Mg, 
23,Fe3O4,145.8,17.7,1.4128925872589388e-10,68.484,168.0,231.5326,2.75,Fe,0.8525
24,Fe3O4,196.4,49.25722173011928,1.849725341605939e-10,99.48388338,24.0,231.5326,2.75,Fe,0.8525
25,ZnO,100.0, ,0.08,-3.5573,24.0, , , , 
26,Fe3O4,361.4,12.1,3.710883029594856e-11,100.39683,72.0,231.5326,2.75,Fe,0.8525
27,Au,6.3,24.4,0.0025,88.834,24.0,196.966569,2.54,Au, 
28,TiO2,100.0,-17.6,2.993927768629509e-09,68.0,3.0,79.8658,2.806666666666666,Ti,0.8516666666666667
29,NiO,22.0,25.3,0.001,98.588,24.0,74.69279999999999, ,Ni,0.74
30,SiO2,437.0,21.7,1.077039594265044e-10,106.95652,12.0, ,2.9266666666666663,Si, 
31,Al2O3,28.0,8.667160493827168,9.322983618222381e-08,99.565216,24.0,101.9612772, ,Al,0.675
32,Cu2O,88.5,118.7302016664654,1.091147106858293e-07,79.15344,11.0,143.0914,2.4133333333333336,Cu,0.82
33,TiO2,25.0,-17.6,0.02,112.79,24.0,79.8658,2.806666666666666,Ti,0.8516666666666667
34,TiO2,25.0,-17.6,0.15,127.62,6.0,79.8658,2.806666666666666,Ti,0.8516666666666667
35,ZnO,52.0,-26.0,0.025,60.133,24.0,81.4084,2.545,Zn,0.88
36,CuO,52.51,-39.67,2.761280278419176e-09,74.58716,24.0,79.5454,2.67,Cu,0.82
37,MgO,12.0,-7.01,0.2,53.07,24.0,40.3044,2.375,Mg, 
38,C56H103N9O39,40.0,34.6,0.015,51.806,24.0,1526.45392,2.564830917874396,C,0.3
39,CdO,179.3,88.18023735375812,8.668671717265826e-11,13.747017,24.0, ,2.565,Cd,1.09
40,Au,50.0,24.4,0.005,102.03,72.0,196.966569,2.54,Au, 
41,TiO2,100.0,-17.6,5.987855537259018e-09,62.0,3.0,79.8658,2.806666666666666,Ti,0.8516666666666667
42,ZnO,60.0,-26.0,2.610076158696639e-07,78.81142,4.0,81.4084,2.545,Zn,0.88
43,Fe3O4,36.0,49.25722173011928,7.508690494654784e-08,72.735,24.0,231.5326,2.75,Fe,0.8525
44,ZnO,75.0,-26.0,1.3635887701209781e-08,85.55024,3.0,81.4084,2.545,Zn,0.88
45,Fe3O4,13.5,49.25722173011928,2.315326e-07,101.673546,48.0,231.5326,2.75,Fe,0.8525
46,MgO,39.2,-7.01,0.1,62.623,24.0,40.3044,2.375,Mg, 
47,SiO2,21.06,-35.9,0.01,57.011,72.0, ,2.9266666666666663,Si, 
48,TiO2,50.0,-17.6,8e-06,97.609,48.0,79.8658,2.806666666666666,Ti,0.8516666666666667
49,Au,18.0,24.4,0.0006,92.893,24.0,196.966569,2.54,Au, 
50,Fe3O4,957.0,49.25722173011928,7.994032100825752e-12,97.75281,12.0,231.5326,2.75,Fe,0.8525
51,C9H15N3O6,14.3,-29.0,2.612319e-07,98.71747,17.0,261.2319,2.597272727272728,C,0.3
52,Ag,28.41,-33.33,3.555454180043988e-07,43.311256,24.0,107.8682,1.93,Ag,1.086666666666667
53,Ag,28.41,-33.33,1.422181672017595e-06,11.561461,24.0,107.8682,1.93,Ag,1.086666666666667
54,C56H103N9O39,260.0,47.0,2.754320596624287e-07,94.104805,24.0,1526.45392,2.564830917874396,C,0.3
55,Au,20.0,24.4,1.96966569e-06,101.51899,48.0,196.966569,2.54,Au, 
56,Ag,28.41,-33.33,5.688726688070381e-08,8.135593,48.0,107.8682,1.93,Ag,1.086666666666667
57,TiO2,80.0,-17.6,0.05,85.921,24.0,79.8658,2.806666666666666,Ti,0.8516666666666667
58,Pt,13.5,-40.5,1.172313820413416e-06,47.701862,24.0, , ,Pt,0.805
59,TiO2,5.0,-17.6,0.1,162.02,24.0,79.8658,2.806666666666666,Ti,0.8516666666666667
60,TiO2,50.0,-17.6,8e-05,93.836,24.0,79.8658,2.806666666666666,Ti,0.8516666666666667
61,SiO2,10.0,-35.9,0.001,94.023,24.0, ,2.9266666666666663,Si, 
62,Au,5.0,24.4,0.005,20.784,72.0,196.966569,2.54,Au, 
63,C56H103N9O39,159.0,30.5,3.585190448980889e-06,50.0,4.0,1526.45392,2.564830917874396,C,0.3
64,ZnO,12.0,-26.0,2.944983856707878e-07,76.85051,24.0,81.4084,2.545,Zn,0.88
65,Au,5.0,24.4,0.00625,106.09,72.0,196.966569,2.54,Au, 
66,TiO2,124.9,-17.6,2.458521360223581e-10,91.42857,6.0,79.8658,2.806666666666666,Ti,0.8516666666666667
67,Pt,13.5,-8.0,2.93078455103354e-07,98.54265,24.0, , ,Pt,0.805
68,Ag,28.41,-33.33,1.422181672017595e-07,27.81457,72.0,107.8682,1.93,Ag,1.086666666666667
69,SiO2,30.0,-35.9,0.005,94.698,24.0, ,2.9266666666666663,Si, 
70,C56H103N9O39,260.0,47.0,2.754320596624287e-07,90.26201,24.0,1526.45392,2.564830917874396,C,0.3
71,Ag,28.41,-33.33,3.555454180043988e-08,62.12766,48.0,107.8682,1.93,Ag,1.086666666666667
72,CuO,52.51,-39.67,0.05,48.0,24.0,79.5454,2.67,Cu,0.82
73,ZnO,100.0,-26.0,0.03,56.769,3.0,81.4084,2.545,Zn,0.88
74,CuO,239.0,-39.67,2.928483916027279e-10,14.606742,12.0,79.5454,2.67,Cu,0.82
75,Pt,24.6,-8.0,0.02,95.0,24.0, , ,Pt,0.805
76,SiO2,386.9,-35.9,4.842107030923417e-12,120.70175,24.0, ,2.9266666666666663,Si, 
77,MnO,10.0,79.47903071527261,4.189402539153161e-08,82.588234,24.0,70.937445, ,Mn,0.6483333333333333
78,Fe3O4,361.4,12.1,4.631182020934381e-12,98.86364,72.0,231.5326,2.75,Fe,0.8525
79,SiO2,15.0,-35.9,0.02,30.713,24.0, ,2.9266666666666663,Si, 
80,Cu2O,88.5,118.7302016664654,1.129886539051926e-09,92.27513,7.0,143.0914,2.4133333333333336,Cu,0.82
81,ZnO,67.0,45.2,7.65072847916516e-10,99.804306,48.0,81.4084,2.545,Zn,0.88
82,SiO2,19.4,-35.9,0.008,101.67,24.0, ,2.9266666666666663,Si, 
83,Au,21.7,-7.6,9.84832845e-06,94.153275,24.0,196.966569,2.54,Au, 
84,ZnO,60.0,-26.0,0.000814084,89.433136,48.0,81.4084,2.545,Zn,0.88
85,SiO2,10.0,-35.9,0.001,4.5234,24.0, ,2.9266666666666663,Si, 
86,C23H40N2O18,93.13,-22.6,1.307177236848928e-05,0.65462756,24.0,632.5663,2.5861445783132533,C,0.3
87,TiO2,21.0,-17.6,0.04,132.0,6.0,79.8658,2.806666666666666,Ti,0.8516666666666667
88,TiO2,25.0,-17.6,0.1,116.11,6.0,79.8658,2.806666666666666,Ti,0.8516666666666667
89,Al2O3,13.0,8.667160493827168,0.25,90.875,48.0,101.9612772, ,Al,0.675
90,TiO2,21.0,-17.6,0.06,134.15,6.0,79.8658,2.806666666666666,Ti,0.8516666666666667
91,SiO2,21.06,-35.9,0.01,58.542,72.0, ,2.9266666666666663,Si, 
92,SiO2,25.0,30.0,1.5021075e-09,103.414635,48.0, ,2.9266666666666663,Si, 
93,SiO2,60.0,-30.0,1.5021075e-09,102.99595,48.0, ,2.9266666666666663,Si, 
94,Fe3O4,361.4,12.1,3.710883029594856e-11,94.7521715,24.0,231.5326,2.75,Fe,0.8525
95,TiO2,38.0,-17.6,1.0912406213112371e-09,99.818184,24.0,79.8658,2.806666666666666,Ti,0.8516666666666667
96,Ag,28.41,-33.33,8.533090032105572e-08,6.915254,48.0,107.8682,1.93,Ag,1.086666666666667
97,Cu2O,88.5,118.7302016664654,3.633050017893904e-08,3.9751554,24.0,143.0914,2.4133333333333336,Cu,0.82
98,SiO2,21.06,-35.9,0.2,50.569,72.0, ,2.9266666666666663,Si, 
99,C56H103N9O39,122.0,26.5,4.632933367662643e-06,80.0,4.0,1526.45392,2.564830917874396,C,0.3
100,SiO2,29.5,-35.9,5.32173837449352e-08,103.35135,4.0, ,2.9266666666666663,Si, 
101,SiO2,59.72,-35.9,0.1,49.512,24.0, ,2.9266666666666663,Si, 
102,Pt,13.5,-40.5,5.861569102067081e-07,58.799557,24.0, , ,Pt,0.805
103,Al2O3,28.0,8.667160493827168,9.322983618222381e-08,99.565216,24.0,101.9612772, ,Al,0.675
104,Au,30.0,24.4,0.01,77.284,48.0,196.966569,2.54,Au, 
105,Ag,14.7,-20.0,3.596657013151367e-07,43.12595,24.0,107.8682,1.93,Ag,1.086666666666667
106,Pt,20.12,-8.0,0.005,70.0,48.0, , ,Pt,0.805
107,ZnO,60.0,-26.0,6.284675176418652e-11,82.73483,4.0,81.4084,2.545,Zn,0.88
108,CeO2,25.0,20.020605822958544,0.1,104.01,24.0,172.1148,2.6666666666666665,Ce,1.08
109,Au,18.0,24.4,0.0006,86.849,24.0,196.966569,2.54,Au, 
110,TiO2,15.0,-17.6,0.05,79.1,72.0,79.8658,2.806666666666666,Ti,0.8516666666666667
111,ZnO,100.0,-26.0,0.025,14.625,24.0,81.4084,2.545,Zn,0.88
112,SiO2,386.9,-35.9,6.20782952682489e-10,79.29825,24.0, ,2.9266666666666663,Si, 
113,SiO2,437.0,21.7,8.61631675412035e-10,85.61404,24.0, ,2.9266666666666663,Si, 
114,C9H15N3O6,11.7,-30.0,2.612319e-07,75.69721,10.0,261.2319,2.597272727272728,C,0.3
115,Al2O3,39.7,8.667160493827168,0.05,91.803,24.0,101.9612772, ,Al,0.675
116,TiO2,124.9,-17.6,2.458521360223581e-10,95.2381,6.0,79.8658,2.806666666666666,Ti,0.8516666666666667
117,Au,6.3,24.4,0.0003,99.739,24.0,196.966569,2.54,Au, 
118,Pt,13.5,-8.0,4.689255281653665e-06,43.195477,72.0, , ,Pt,0.805
119,Pt,20.12,-8.0,0.005,70.0,48.0, , ,Pt,0.805
120,Fe3O4,196.4,49.25722173011928,1.849725341605939e-11,97.32284,24.0,231.5326,2.75,Fe,0.8525
121,TiO2,47.83,-17.6,1.0452099578621372e-08,100.0,24.0,79.8658,2.806666666666666,Ti,0.8516666666666667
122,NiO,21.6,25.3,0.005,97.387,24.0,74.69279999999999, ,Ni,0.74
123,Fe3O4,46.8,49.25722173011928,0.02,89.18,24.0,231.5326,2.75,Fe,0.8525
124,SiO2,21.06,-35.9,0.2,27.891,72.0, ,2.9266666666666663,Si, 
125,C56H103N9O39,40.0,34.6,0.02,30.581,36.0,1526.45392,2.564830917874396,C,0.3
126,MnO,10.0,79.47903071527261,2.094701269576581e-06,43.764706,24.0,70.937445, ,Mn,0.6483333333333333
127,TiO2,160.5,-27.8,2.172388338752741e-09,111.2,24.0,79.8658,2.806666666666666,Ti,0.8516666666666667
128,C23H40N2O18,143.67,-12.3,7.120901947264754e-07,80.368835,24.0,632.5663,2.5861445783132533,C,0.3
129,CuO,239.0,-39.67,1.46424195801364e-11,84.26966,12.0,79.5454,2.67,Cu,0.82
130,Fe3O4,361.4,12.1,9.27720757398714e-12,93.199493,4.0,231.5326,2.75,Fe,0.8525
131,Pt,13.5,-40.5,1.172313820413416e-06,50.037136,24.0, , ,Pt,0.805
132,SiO2,199.89,-35.9,0.2,50.797,72.0, ,2.9266666666666663,Si, 
133,ZnO,639.0,-26.0,1.7638214452146778e-11,22.47191,24.0,81.4084,2.545,Zn,0.88
134,Au,61.46,24.4,0.02,72.494,24.0,196.966569,2.54,Au, 
135,SiO2,100.33,-35.9,0.05,34.467,72.0, ,2.9266666666666663,Si, 
136,SiO2,13.0,-27.0,0.0032729239202234,69.19419,24.0, ,2.9266666666666663,Si, 
137,TiO2,170.0,-17.6,1.462533410281054e-09,147.12544,24.0,79.8658,2.806666666666666,Ti,0.8516666666666667
138,Au,33.69,24.4,0.004,92.174,96.0,196.966569,2.54,Au, 
139,C56H103N9O39,159.0,30.5,3.91195231819164e-06,50.0,4.0,1526.45392,2.564830917874396,C,0.3
140,ZnO,141.0,-26.0,0.01,84.867,12.0,81.4084,2.545,Zn,0.88
141,CeO2,4.7,20.020605822958544,0.0875,67.733,24.0,172.1148,2.6666666666666665,Ce,1.08
142,TiO2,6.0,-17.6,0.0125,93.232,24.0,79.8658,2.806666666666666,Ti,0.8516666666666667
143,SiO2,59.72,-35.9,0.5,42.299,72.0, ,2.9266666666666663,Si, 
144,TiO2,420.7,-9.96,4.825085666213883e-11,107.05633,24.0,79.8658,2.806666666666666,Ti,0.8516666666666667
145,Ag,28.41,-33.33,5.688726688070381e-08,7.322034,72.0,107.8682,1.93,Ag,1.086666666666667
146,Pt,24.6,-8.0,0.36,54.15,48.0, , ,Pt,0.805
147,TiO2,24.59,-17.6,0.1,8.6,48.0,79.8658,2.806666666666666,Ti,0.8516666666666667
148,Fe3O4,28.33,49.25722173011928,0.001,55.289,24.0,231.5326,2.75,Fe,0.8525
149,ZnO,45.3,-26.0,0.005,91.776,12.0,81.4084,2.545,Zn,0.88
150,Au,18.0,24.4,0.0025,87.092,24.0,196.966569,2.54,Au, 
151,SiO2,20.0,-35.9,0.5,64.804,48.0, ,2.9266666666666663,Si, 
152,Au,6.0,24.4,0.05,86.145,24.0,196.966569,2.54,Au, 
153,Au,21.7,-7.6,3.93933138e-05,88.172,24.0,196.966569,2.54,Au, 
154,Au,6.0,24.4,0.05,94.301,24.0,196.966569,2.54,Au, 
155,SiO2,10.0,-35.9,0.001,94.023,24.0, ,2.9266666666666663,Si, 
156,Fe3O4,957.0,49.25722173011928,1.59880642016515e-14,94.3931265,24.0,231.5326,2.75,Fe,0.8525
157,TiO2,15.84,-17.6,0.01,64.109,48.0,79.8658,2.806666666666666,Ti,0.8516666666666667
158,CuO,28.2,-39.67,0.01,128.04,4.0,79.5454,2.67,Cu,0.82
159,ZnO,8.0,-26.0,0.407042,43.79845,24.0,81.4084,2.545,Zn,0.88
160,Au,6.3,24.4,0.0012,97.523,24.0,196.966569,2.54,Au, 
161,PLGA,105.0, ,1.0,-73.726,72.0, , , , 
162,Fe3O4,957.0,49.25722173011928,7.994032100825751e-13,86.861019,24.0,231.5326,2.75,Fe,0.8525
163,Pt,13.5,-40.5,5.861569102067081e-07,38.11904,72.0, , ,Pt,0.805
164,TiO2,81.8,-17.6,0.01,78.733,48.0,79.8658,2.806666666666666,Ti,0.8516666666666667
165,Au,30.0,24.4,0.025,6.599,24.0,196.966569,2.54,Au, 
166,TiO2,35.0,-17.6,6.982921909339963e-08,87.06105,4.0,79.8658,2.806666666666666,Ti,0.8516666666666667
167,TiO2,38.0,-17.6,1.091240621311237e-07,88.36364,24.0,79.8658,2.806666666666666,Ti,0.8516666666666667
168,ZnO,67.0,45.2,7.65072847916516e-10,99.804306,48.0,81.4084,2.545,Zn,0.88
169,TiO2,170.0,-17.6,7.31266705140527e-10,131.1093,24.0,79.8658,2.806666666666666,Ti,0.8516666666666667
170,C56H103N9O39,40.0,34.6,0.03,48.065,12.0,1526.45392,2.564830917874396,C,0.3
171,TiO2,20.0,-17.6,0.025,76.302,24.0,79.8658,2.806666666666666,Ti,0.8516666666666667
172,Au,65.0,24.4,0.02,86.0,24.0,196.966569,2.54,Au, 
173,Ag,40.0, ,0.05,-72.601,24.0, , , , 
174,Au,33.69,24.4,0.0002,120.51,24.0,196.966569,2.54,Au, 
175,SiO2,100.33,-35.9,0.2,56.322,72.0, ,2.9266666666666663,Si, 
176,Pt,13.5,-40.5,2.93078455103354e-07,81.75,48.0, , ,Pt,0.805
177,SiO2,100.0,-35.9,0.005,98.355,24.0, ,2.9266666666666663,Si, 
178,SiO2,18.3,-35.9,0.001,96.277,24.0, ,2.9266666666666663,Si, 
179,MgO,639.0,-7.01,1.368414584861392e-13,96.62921,12.0,40.3044,2.375,Mg, 
180,Au,215.0,24.4,0.0003,99.747,24.0,196.966569,2.54,Au, 
181,TiO2,150.0,-17.6,5.46872957491374e-12,92.4812,4.0,79.8658,2.806666666666666,Ti,0.8516666666666667
182,SiO2,199.89,-35.9,0.5,12.245,72.0, ,2.9266666666666663,Si, 
183,Pt,13.5,-40.5,1.172313820413416e-06,29.348589,72.0, , ,Pt,0.805
184,ZnO,165.0,-26.0,8.19587540268056e-14,99.75903,24.0,81.4084,2.545,Zn,0.88
185,Ag,28.41,-33.33,2.84436334403519e-07,28.729641,48.0,107.8682,1.93,Ag,1.086666666666667
186,Al2O3,39.7,8.667160493827168,0.05,91.803,24.0,101.9612772, ,Al,0.675
187,Co3O4,200.0,45.31207623750339,3.546167538793759e-09,44.14966,72.0,240.797185,2.771428571428572,Co,0.7683333333333334
188,Fe3O4,361.4,12.1,1.855441514797428e-11,82.954544,72.0,231.5326,2.75,Fe,0.8525
189,ZnO,40.44,-26.0,0.02,67.167,24.0,81.4084,2.545,Zn,0.88
190,TiO2,50.0,-17.6,7.185426644710821e-10,23.414427,24.0,79.8658,2.806666666666666,Ti,0.8516666666666667
191,Co3O4,78.3,45.31207623750339,0.1,12.063,48.0,240.797185,2.771428571428572,Co,0.7683333333333334
192,Fe3O4,361.4,12.1,7.421766059189711e-11,55.113636,72.0,231.5326,2.75,Fe,0.8525
193,Au,5.0,24.4,0.00625,10.0,72.0,196.966569,2.54,Au, 
194,Fe3O4,46.8,49.25722173011928,0.0001,92.787,24.0,231.5326,2.75,Fe,0.8525
195,CeO2,12.5,20.020605822958544,0.025,95.414,24.0,172.1148,2.6666666666666665,Ce,1.08
196,ZnO,639.0,-26.0,1.763821445214679e-16,96.62921,12.0,81.4084,2.545,Zn,0.88
197,TiO2,50.0,-17.6,0.008,74.169,48.0,79.8658,2.806666666666666,Ti,0.8516666666666667
198,ZnO,100.0,-26.0,0.025,72.53,6.0,81.4084,2.545,Zn,0.88
199,ZnO,90.0,-26.0,0.01,27.99,24.0,81.4084,2.545,Zn,0.88
200,Al2O3,239.0,8.667160493827168,2.99823250324321e-11,36.03871,24.0,101.9612772, ,Al,0.675
201,Au,215.0,24.4,0.005,40.808,24.0,196.966569,2.54,Au, 
202,C56H103N9O39,360.0,47.0,1.037592995676194e-07,72.62009,24.0,1526.45392,2.564830917874396,C,0.3
203,Fe3O4,145.8,17.7,7.053159795596625e-11,98.2479,24.0,231.5326,2.75,Fe,0.8525
204,Pt,13.5,-40.5,4.689255281653665e-06,17.888199,48.0, , ,Pt,0.805
205,Fe3O4,361.4,12.1,4.631182020934381e-12,100.04899,72.0,231.5326,2.75,Fe,0.8525
206,Fe3O4,361.4,12.1,4.631182020934381e-12,93.301194,24.0,231.5326,2.75,Fe,0.8525
207,TiO2,81.8,-17.6,0.01,76.505,48.0,79.8658,2.806666666666666,Ti,0.8516666666666667
208,SiO2,100.33,-35.9,0.5,29.024,24.0, ,2.9266666666666663,Si, 
209,CeO2,20.3,20.020605822958544,0.1,103.06,24.0,172.1148,2.6666666666666665,Ce,1.08
210,SiO2,10.0,-35.9,1.0,44.265,24.0, ,2.9266666666666663,Si, 
211,ZnO,100.0,-26.0,0.08,59.825,6.0,81.4084,2.545,Zn,0.88
212,ZnO,67.0,45.2,3.82536423958258e-08,9.158513,48.0,81.4084,2.545,Zn,0.88
213,Ag,28.41,-33.33,7.110908360087976e-08,43.45515,48.0,107.8682,1.93,Ag,1.086666666666667
214,CuO,52.51,-39.67,0.025,69.0,24.0,79.5454,2.67,Cu,0.82
215,Fe3O4,12.5,49.25722173011928,1.7936663742393e-05,72.867615,26.0,231.5326,2.75,Fe,0.8525
216,Pt,13.5,-40.5,1.172313820413416e-06,29.348589,72.0, , ,Pt,0.805
217,SiO2,100.33,-35.9,0.5,72.705,24.0, ,2.9266666666666663,Si, 
218,Fe3O4,145.8,17.7,5.651570349035752e-10,94.188034,24.0,231.5326,2.75,Fe,0.8525
219,CuO,46.3,-39.67,0.02,45.215,12.0,79.5454,2.67,Cu,0.82
220,TiO2,115.0,-17.6,1.574844885282227e-09,100.0,24.0,79.8658,2.806666666666666,Ti,0.8516666666666667
221,TiO2,81.8,-17.6,0.03,46.833,48.0,79.8658,2.806666666666666,Ti,0.8516666666666667
222,Au,90.0,24.4,0.005,90.853,24.0,196.966569,2.54,Au, 
223,SiO2,598.2,87.0,2.519347090553039e-11,87.703705,24.0, ,2.9266666666666663,Si, 
224,TiO2,11.69,-17.6,2.86365792854164e-06,93.2735424,24.0,79.8658,2.806666666666666,Ti,0.8516666666666667
225,CuO,46.3,-39.67,0.02,45.215,12.0,79.5454,2.67,Cu,0.82
226,SiO2,115.0,-48.0,1.5021075e-10,90.688255,48.0, ,2.9266666666666663,Si, 
227,Cu2O,88.5,118.7302016664654,1.0911471068582928e-10,101.86336,24.0,143.0914,2.4133333333333336,Cu,0.82
228,SiO2,437.0,21.7,3.360363534106936e-12,103.1579,24.0, ,2.9266666666666663,Si, 
229,TiO2,35.0,-17.6,4.189753145603979e-07,68.59472,4.0,79.8658,2.806666666666666,Ti,0.8516666666666667
230,SiO2,598.2,87.0,2.519347090553039e-11,115.55556,24.0, ,2.9266666666666663,Si, 
231,Fe3O4,274.1,-27.7,6.804631170809617e-12,86.36364,24.0,231.5326,2.75,Fe,0.8525
232,TiO2,124.9,-17.6,2.458521360223581e-11,92.14286,6.0,79.8658,2.806666666666666,Ti,0.8516666666666667
233,Au,6.3,24.4,0.005,86.104,24.0,196.966569,2.54,Au, 
234,Fe3O4,42.5,49.25722173011928,0.0001,97.039,12.0,231.5326,2.75,Fe,0.8525
235,C56H103N9O39,240.0,43.9,3.501876360407153e-07,41.411938,24.0,1526.45392,2.564830917874396,C,0.3
236,MgO,12.0,-7.01,0.2,53.07,24.0,40.3044,2.375,Mg, 
237,SiO2,14.23,-35.9,0.001,96.842,72.0, ,2.9266666666666663,Si, 
238,Au,6.0,24.4,0.05,96.19,24.0,196.966569,2.54,Au, 
239,CuO,30.0,-39.67,0.03,56.42,24.0,79.5454,2.67,Cu,0.82
240,TiO2,38.0,-17.6,2.182481242622473e-08,84.545456,24.0,79.8658,2.806666666666666,Ti,0.8516666666666667
241,C56H103N9O39,260.0,47.0,2.754320596624287e-07,83.9738,24.0,1526.45392,2.564830917874396,C,0.3
242,ZnO,60.0,-26.0,8.140840000000001e-06,98.67841,48.0,81.4084,2.545,Zn,0.88
243,SiO2,437.0,21.7,6.720727068213873e-12,108.91304,12.0, ,2.9266666666666663,Si, 
244,ZnO,67.0,44.1,7.650728479165159e-11,100.97847,48.0,81.4084,2.545,Zn,0.88
245,Fe3O4,361.4,12.1,3.710883029594856e-11,53.409092,120.0,231.5326,2.75,Fe,0.8525
246,Ag,28.41,-33.33,1.137745337614076e-07,65.960266,24.0,107.8682,1.93,Ag,1.086666666666667
247,CeO2,20.3,20.020605822958544,1.705884010238828e-06,104.85748,24.0,172.1148,2.6666666666666665,Ce,1.08
248,C56H103N9O39,40.0,34.6,0.02,54.0,12.0,1526.45392,2.564830917874396,C,0.3
249,ZnO,165.0,-26.0,8.195875402680559e-11,43.79971,48.0,81.4084,2.545,Zn,0.88
250,SiO2,100.33,-35.9,0.5,72.705,24.0, ,2.9266666666666663,Si, 
251,Fe3O4,28.33,49.25722173011928,0.05,74.783,48.0,231.5326,2.75,Fe,0.8525
252,ZnO,165.0,-26.0,8.195875402680565e-13,98.22968,6.0,81.4084,2.545,Zn,0.88
253,Co3O4,200.0,45.31207623750339,1.46388410048555e-11,95.206894,24.0,240.797185,2.771428571428572,Co,0.7683333333333334
254,MgO,639.0,-7.01,6.84207292430696e-13,37.362095,12.0,40.3044,2.375,Mg, 
255,ZnO,639.0,-26.0,8.819107226073392e-13,92.134834,12.0,81.4084,2.545,Zn,0.88
256,Pt,24.6,-8.0,0.18,86.877,24.0, , ,Pt,0.805
257,Fe3O4,957.0,49.25722173011928,1.59880642016515e-11,89.88764,24.0,231.5326,2.75,Fe,0.8525
258,SiO2,31.4,-35.9,0.02,82.5,24.0, ,2.9266666666666663,Si, 
259,SiO2,100.33,-35.9,0.1,65.207,24.0, ,2.9266666666666663,Si, 
260,Fe3O4,6.0,49.25722173011928,0.0005,93.8,24.0,231.5326,2.75,Fe,0.8525
261,Cu2O,88.5,118.7302016664654,3.6330497996644814e-09,43.229813,24.0,143.0914,2.4133333333333336,Cu,0.82
262,Au,50.0,24.4,0.005,82.487,72.0,196.966569,2.54,Au, 
263,Au,20.0,24.4,0.00625,91.569,72.0,196.966569,2.54,Au, 
264,SiO2,375.4,-26.8,6.795996813461911e-10,71.08696,12.0, ,2.9266666666666663,Si, 
265,C56H103N9O39,40.0,34.6,0.03,28.581,24.0,1526.45392,2.564830917874396,C,0.3
266,SiO2,30.0,-35.9,0.02,74.771,24.0, ,2.9266666666666663,Si, 
267,SiO2,13.0,-27.0,3.272923920223464e-05,93.752266,24.0, ,2.9266666666666663,Si, 
268,ZnO,639.0,-26.0,8.819107226073392e-13,71.91011,24.0,81.4084,2.545,Zn,0.88
269,SiO2,60.0,32.0,1.5021075e-07,100.03354354,96.0, ,2.9266666666666663,Si, 
270,Cu2O,88.5,118.7302016664654,1.053735928037839e-11,109.62963,24.0,143.0914,2.4133333333333336,Cu,0.82
271,SiO2,19.4,-35.9,0.128,101.67,24.0, ,2.9266666666666663,Si, 
272,SiO2,10.0,-35.9,0.01,6.1389,24.0, ,2.9266666666666663,Si, 
273,TiO2,100.0,-17.6,2.993927768629509e-09,88.62117,3.0,79.8658,2.806666666666666,Ti,0.8516666666666667
274,Co3O4,200.0,45.31207623750339,2.658600177942857e-09,91.099655,24.0,240.797185,2.771428571428572,Co,0.7683333333333334
275,CuO,28.0,-39.67,0.025,89.333,48.0,79.5454,2.67,Cu,0.82
276,SiO2,20.0,-35.9,0.00625,87.687,24.0, ,2.9266666666666663,Si, 
277,MnO,24.0,79.47903071527261,3.030528457142044e-10,89.64706,24.0,70.937445, ,Mn,0.6483333333333333
278,Fe3O4,42.5,49.25722173011928,0.0001,97.039,12.0,231.5326,2.75,Fe,0.8525
279,SiO2,240.0,58.0,1.56046307567946e-09,108.44444,24.0, ,2.9266666666666663,Si, 
280,CuO,30.0,-39.67,0.03,56.42,24.0,79.5454,2.67,Cu,0.82
281,TiO2,50.0,-17.6,0.08,77.508,24.0,79.8658,2.806666666666666,Ti,0.8516666666666667
282,Fe3O4,145.8,17.7,1.130314069807151e-09,58.064518,72.0,231.5326,2.75,Fe,0.8525
283,C56H103N9O39,360.0,47.0,1.037592995676194e-07,97.9476,24.0,1526.45392,2.564830917874396,C,0.3
284,SiO2,199.89,-35.9,0.05,63.504,24.0, ,2.9266666666666663,Si, 
285,SiO2,437.0,21.7,3.360363534106936e-12,119.347824,12.0, ,2.9266666666666663,Si, 
286,Fe3O4,957.0,49.25722173011928,1.59880642016515e-12,98.8764,12.0,231.5326,2.75,Fe,0.8525
287,C23H40N2O18,93.13,-22.6,1.960765855273393e-05,9.952634,24.0,632.5663,2.5861445783132533,C,0.3
288,Fe3O4,957.0,49.25722173011928,1.59880642016515e-14,94.3931265,24.0,231.5326,2.75,Fe,0.8525
289,Al2O3,28.0,8.667160493827168,0.005,81.149,24.0,101.9612772, ,Al,0.675
290,Al2O3,39.7,8.667160493827168,0.1,91.749,12.0,101.9612772, ,Al,0.675
291,Pt,13.5,-8.0,1.172313820413416e-06,87.60895,24.0, , ,Pt,0.805
292,CuO,52.51,-39.67,0.05,46.0,24.0,79.5454,2.67,Cu,0.82
293,Fe3O4,145.8,17.7,2.8257851745178776e-10,99.19355,72.0,231.5326,2.75,Fe,0.8525
294,SiO2,100.0,-35.9,0.0125,102.24,24.0, ,2.9266666666666663,Si, 
295,Al2O3,239.0,8.667160493827168,5.996465006486421e-11,96.62921,24.0,101.9612772, ,Al,0.675
296,Au,6.3,24.4,0.0006,100.0,24.0,196.966569,2.54,Au, 
297,Ag,28.41,-33.33,5.688726688070381e-07,3.1893687,48.0,107.8682,1.93,Ag,1.086666666666667
298,Fe3O4,145.8,17.7,2.8257851745178776e-10,169.43231,72.0,231.5326,2.75,Fe,0.8525
299,SiO2,437.0,21.7,2.688290827285549e-11,89.82456,24.0, ,2.9266666666666663,Si, 
300,ZnO,18.0,-26.0,7.891138715977885e-07,44.681156,24.0,81.4084,2.545,Zn,0.88
301,ZnO,165.0,-26.0,8.195875402680561e-12,86.02409,48.0,81.4084,2.545,Zn,0.88
302,Cu2O,88.5,118.7302016664654,3.510314081414318e-09,93.416145,3.0,143.0914,2.4133333333333336,Cu,0.82
303,Au,20.0,24.4,0.005,93.137,72.0,196.966569,2.54,Au, 
304,TiO2,20.0,-17.6,0.005,84.201,24.0,79.8658,2.806666666666666,Ti,0.8516666666666667
305,ZnO,100.0,-26.0,0.035,64.822,3.0,81.4084,2.545,Zn,0.88
306,Fe3O4,145.8,17.7,1.4128925872589388e-10,119.65066,72.0,231.5326,2.75,Fe,0.8525
307,TiO2,15.84,-17.6,0.01,60.52,48.0,79.8658,2.806666666666666,Ti,0.8516666666666667
308,Cu2O,88.5,118.7302016664654,3.633049908779192e-07,0.0,3.0,143.0914,2.4133333333333336,Cu,0.82
309,CuO,30.09,-39.67,0.0178,2.1195,48.0,79.5454,2.67,Cu,0.82
310,SiO2,100.0,-35.9,0.04,28.702,24.0, ,2.9266666666666663,Si, 
311,C56H103N9O39,265.0,25.4,9.084894671843284e-07,50.0,4.0,1526.45392,2.564830917874396,C,0.3
312,TiO2,30.0,-17.6,0.0125,79.964,24.0,79.8658,2.806666666666666,Ti,0.8516666666666667
313,TiO2,38.0,-17.6,1.0912406213112371e-09,87.818184,24.0,79.8658,2.806666666666666,Ti,0.8516666666666667
314,TiO2,24.59,-17.6,0.0001,91.499,48.0,79.8658,2.806666666666666,Ti,0.8516666666666667
315,Pt,1.5,-8.0,0.025,100.0,24.0, , ,Pt,0.805
316,CuO,28.2,-39.67,0.005,124.78,4.0,79.5454,2.67,Cu,0.82
317,MgO,639.0,-7.01,1.368414584861392e-12,35.45806,12.0,40.3044,2.375,Mg, 
318,SiO2,199.89,-35.9,0.01,75.186,24.0, ,2.9266666666666663,Si, 
319,Ag,27.02,-18.4,8.918990787342486e-09,75.254234,24.0,107.8682,1.93,Ag,1.086666666666667
320,ZnO,90.0,-26.0,0.01,27.99,24.0,81.4084,2.545,Zn,0.88
321,Fe3O4,957.0,49.25722173011928,1.59880642016515e-12,89.88764,24.0,231.5326,2.75,Fe,0.8525
322,CeO2,25.0,20.020605822958544,0.1,104.01,24.0,172.1148,2.6666666666666665,Ce,1.08
323,NiO,22.0,25.3,0.01,58.779,24.0,74.69279999999999, ,Ni,0.74
324,SiO2,59.72,-35.9,0.5,53.041,24.0, ,2.9266666666666663,Si, 
325,TiO2,20.0,-17.6,3.7424097107868864e-08,84.36847,24.0,79.8658,2.806666666666666,Ti,0.8516666666666667
326,ZnO,30.0,-26.0,0.01,89.52,24.0,81.4084,2.545,Zn,0.88
327,SiO2,115.0,-48.0,1.5021075e-08,90.688255,48.0, ,2.9266666666666663,Si, 
328,TiO2,15.0,-17.6,0.2,32.7,72.0,79.8658,2.806666666666666,Ti,0.8516666666666667
329,MgO,8.0,-7.01,1.04602380199106e-07,23.738705,24.0,40.3044,2.375,Mg, 
330,TiO2,124.9,-17.6,2.458521360223581e-12,98.4127,6.0,79.8658,2.806666666666666,Ti,0.8516666666666667
331,SiO2,13.0,-27.0,0.0327292392022346,45.270145,24.0, ,2.9266666666666663,Si, 
332,CuO,52.51,-39.67,0.05,48.0,24.0,79.5454,2.67,Cu,0.82
333,CuO,55.8,-39.67,0.005,92.96,48.0,79.5454,2.67,Cu,0.82
334,Fe3O4,361.4,12.1,1.855441514797428e-11,93.995932,1.0,231.5326,2.75,Fe,0.8525
335,Ag,36.4,-23.1,9.123652287042276e-09,7.9791102,48.0,107.8682,1.93,Ag,1.086666666666667
336,Fe3O4,6.0,49.25722173011928,0.004,91.277,24.0,231.5326,2.75,Fe,0.8525
337,Cu2O,88.5,118.7302016664654,3.573014667615716e-09,31.74603,24.0,143.0914,2.4133333333333336,Cu,0.82
338,ZnO,75.0,-26.0,0.125,91.304,3.0,81.4084,2.545,Zn,0.88
339,Fe3O4,361.4,12.1,1.855441514797428e-11,93.995932,1.0,231.5326,2.75,Fe,0.8525
340,Au,18.0,24.4,0.0003,95.07,24.0,196.966569,2.54,Au, 
341,Au,25.0,24.4,1.034632726079116e-07,66.206894,48.0,196.966569,2.54,Au, 
342,C56H103N9O39,240.0,43.9,3.501876360407152e-07,85.19651,24.0,1526.45392,2.564830917874396,C,0.3
343,Fe3O4,13.5,49.25722173011928,0.002315326,84.520706,48.0,231.5326,2.75,Fe,0.8525
344,CuO,28.2,-39.67,0.04,101.09,4.0,79.5454,2.67,Cu,0.82
345,ZnO,100.0,-26.0,0.015,100.44,48.0,81.4084,2.545,Zn,0.88
346,ZnO,60.0,-26.0,4.108929312780947e-09,70.39605,24.0,81.4084,2.545,Zn,0.88
347,TiO2,124.9,-17.6,2.458521360223581e-12,92.85714,48.0,79.8658,2.806666666666666,Ti,0.8516666666666667
348,Cu2O,88.5,118.7302016664654,3.5730149949598493e-08,10.1587305,24.0,143.0914,2.4133333333333336,Cu,0.82
349,Ag,27.02,-18.4,2.233884520020845e-09,102.71186,24.0,107.8682,1.93,Ag,1.086666666666667
350,TiO2,81.8,-17.6,0.06,37.61,48.0,79.8658,2.806666666666666,Ti,0.8516666666666667
351,Au,33.69,24.4,0.0004,85.755,96.0,196.966569,2.54,Au, 
352,Ag,36.4,-23.1,9.123652287042276e-09,26.875563,24.0,107.8682,1.93,Ag,1.086666666666667
353,TiO2,50.0,-17.6,3.592713322355411e-09,114.31714,24.0,79.8658,2.806666666666666,Ti,0.8516666666666667
354,ZnO,67.0,45.2,7.650728479165161e-09,62.46575,48.0,81.4084,2.545,Zn,0.88
355,ZnO,165.0,-26.0,2.0489688506701408e-10,6.506024,48.0,81.4084,2.545,Zn,0.88
356,ZnO,50.0,-26.0,0.01,15.152,24.0,81.4084,2.545,Zn,0.88
357,Au,33.69,24.4,0.004,105.13,24.0,196.966569,2.54,Au, 
358,Fe3O4,145.8,17.7,2.8257851745178776e-10,125.0,72.0,231.5326,2.75,Fe,0.8525
359,Fe3O4,145.8,17.7,7.053159795596625e-11,138.86462,72.0,231.5326,2.75,Fe,0.8525
360,TiO2,24.0,-17.6,0.05,91.517,24.0,79.8658,2.806666666666666,Ti,0.8516666666666667
361,Au,5.0,24.4,0.0125,81.47,72.0,196.966569,2.54,Au, 
362,C9H15N3O6,11.7,-30.0,2.612319e-07,61.011944,7.0,261.2319,2.597272727272728,C,0.3
363,ZnO,100.0,-26.0,0.03,71.146,3.0,81.4084,2.545,Zn,0.88
364,ZnO,60.0,-26.0,8.140840000000001e-06,98.37004,48.0,81.4084,2.545,Zn,0.88
365,TiO2,38.0,-17.6,1.091240621311237e-07,80.181816,24.0,79.8658,2.806666666666666,Ti,0.8516666666666667
366,Fe3O4,6.0,49.25722173011928,0.0005,87.052,48.0,231.5326,2.75,Fe,0.8525
367,SiO2,21.06,-35.9,0.01,57.011,72.0, ,2.9266666666666663,Si, 
368,ZnO,30.0,-26.0,0.05,59.971,24.0,81.4084,2.545,Zn,0.88
369,ZnO,60.0,-26.0,6.277542541847192e-11,91.41414,24.0,81.4084,2.545,Zn,0.88
370,ZnO,60.21,-26.0,0.1,36.21,24.0,81.4084,2.545,Zn,0.88
371,ZnO,90.0,-26.0,0.025,25.73,24.0,81.4084,2.545,Zn,0.88
372,C56H103N9O39,159.0,30.5,3.91195231819164e-06,50.0,4.0,1526.45392,2.564830917874396,C,0.3
373,MgO,639.0,-7.01,1.368414584861392e-15,98.8764,24.0,40.3044,2.375,Mg, 
374,Au,33.69,24.4,0.02,145.22,24.0,196.966569,2.54,Au, 
375,ZnO,639.0,-26.0,1.7638214452146793e-14,101.1236,12.0,81.4084,2.545,Zn,0.88
376,Cu2O,88.5,118.7302016664654,1.091147106858293e-11,105.39683,3.0,143.0914,2.4133333333333336,Cu,0.82
377,TiO2,11.69,-17.6,8.948931026692626e-08,99.10313904,24.0,79.8658,2.806666666666666,Ti,0.8516666666666667
378,ZrO2,10.0,-45.5,0.15,52.62,24.0, ,2.736666666666667,Zr, 
379,Au,20.0,24.4,0.00625,91.569,72.0,196.966569,2.54,Au, 
380,Ag,28.41,-33.33,1.422181672017595e-06,9.1694355,72.0,107.8682,1.93,Ag,1.086666666666667
381,C23H40N2O18,143.67,-12.3,2.136270584179426e-06,81.070625,24.0,632.5663,2.5861445783132533,C,0.3
382,SiO2,100.0,-35.9,0.005,98.355,24.0, ,2.9266666666666663,Si, 
383,ZnO,165.0,-26.0,8.19587540268056e-14,93.477264,48.0,81.4084,2.545,Zn,0.88
384,Au,215.0,24.4,0.0006,87.105,24.0,196.966569,2.54,Au, 
385,ZnO,639.0,-26.0,8.819107226073392e-12,10.41845000000001,24.0,81.4084,2.545,Zn,0.88
386,MgO,639.0,-7.01,1.368414584861392e-15,98.8764,24.0,40.3044,2.375,Mg, 
387,Fe3O4,361.4,12.1,9.27720757398714e-12,97.551163,24.0,231.5326,2.75,Fe,0.8525
388,C9H15N3O6,14.3,-29.0,2.612319e-07,95.846375,7.0,261.2319,2.597272727272728,C,0.3
389,SiO2,19.4,-35.9,0.256,79.62,24.0, ,2.9266666666666663,Si, 
390,Cu2O,88.5,118.7302016664654,3.3322054844735747e-10,93.1217,6.0,143.0914,2.4133333333333336,Cu,0.82
391,Ag,28.41,-33.33,3.555454180043988e-08,104.42997,48.0,107.8682,1.93,Ag,1.086666666666667
392,TiO2,21.0,-17.6,0.04,103.08,3.0,79.8658,2.806666666666666,Ti,0.8516666666666667
393,Fe3O4,361.4,12.1,1.855441514797428e-11,323.37766,72.0,231.5326,2.75,Fe,0.8525
394,Ag,28.41,-33.33,5.688726688070381e-08,7.322034,72.0,107.8682,1.93,Ag,1.086666666666667
395,Pt,13.5,-8.0,2.344627640826832e-06,68.10811,72.0, , ,Pt,0.805
396,MgO,39.2,-7.01,0.0001,100.0,12.0,40.3044,2.375,Mg, 
397,CuO,30.0,-39.67,0.1,3.3074,24.0,79.5454,2.67,Cu,0.82
398,SiO2,120.0,-35.9,0.1,91.27,96.0, ,2.9266666666666663,Si, 
399,SiO2,199.89,-35.9,0.05,50.569,72.0, ,2.9266666666666663,Si, 
400,TiO2,24.59,-17.6,0.03,30.61,48.0,79.8658,2.806666666666666,Ti,0.8516666666666667
401,SiO2,13.0,-27.0,0.0327292392022346,22.485416,24.0, ,2.9266666666666663,Si, 
402,ZnO,165.0,-26.0,2.0489688506701408e-10,34.67651,48.0,81.4084,2.545,Zn,0.88
403,Pt,13.5,-40.5,4.689255281653665e-06,19.378881,24.0, , ,Pt,0.805
404,Au,215.0,24.4,0.0012,82.427,24.0,196.966569,2.54,Au, 
405,Fe3O4,28.33,49.25722173011928,0.01,85.385,6.0,231.5326,2.75,Fe,0.8525
406,TiO2,50.0,-17.6,8e-06,97.574,48.0,79.8658,2.806666666666666,Ti,0.8516666666666667
407,Pt,13.5,-8.0,1.172313820413416e-06,84.78593,48.0, , ,Pt,0.805
408,ZrO2,10.0,-45.5,0.1,58.52,24.0, ,2.736666666666667,Zr, 
409,TiO2,35.0,-17.6,6.982921909339963e-08,87.06105,4.0,79.8658,2.806666666666666,Ti,0.8516666666666667
410,Fe3O4,42.5,49.25722173011928,0.02,92.131,24.0,231.5326,2.75,Fe,0.8525
411,TiO2,160.5,-27.8,1.158607114001462e-09,107.2,3.0,79.8658,2.806666666666666,Ti,0.8516666666666667
412,Cu2O,88.5,118.7302016664654,3.573014667615716e-09,85.07937,3.0,143.0914,2.4133333333333336,Cu,0.82
413,Cu2O,88.5,118.7302016664654,1.129886539051926e-07,3.3862433,3.0,143.0914,2.4133333333333336,Cu,0.82
414,C23H40N2O18,93.13,-22.6,7.84306342109357e-06,11.919122,24.0,632.5663,2.5861445783132533,C,0.3
415,TiO2,15.0,-17.6,0.2,32.7,72.0,79.8658,2.806666666666666,Ti,0.8516666666666667
416,Fe3O4,46.8,49.25722173011928,0.1,92.787,24.0,231.5326,2.75,Fe,0.8525
417,ZnO,60.0,-26.0,1.6496460443496282e-08,25.90524,24.0,81.4084,2.545,Zn,0.88
418,Au,61.46,24.4,0.0004,81.212,24.0,196.966569,2.54,Au, 
419,CuO,40.0,-39.67,0.01,102.87,24.0,79.5454,2.67,Cu,0.82
420,Ag,28.41,-33.33,1.422181672017595e-06,3.4042554,72.0,107.8682,1.93,Ag,1.086666666666667
421,Fe3O4,13.5,49.25722173011928,0.02315326,78.13834,48.0,231.5326,2.75,Fe,0.8525
422,C56H103N9O39,240.0,43.9,3.501876360407153e-07,47.467247,24.0,1526.45392,2.564830917874396,C,0.3
423,Pt,20.12,-8.0,0.01,48.226,72.0, , ,Pt,0.805
424,SiO2,18.3,-35.9,0.01,94.247,24.0, ,2.9266666666666663,Si, 
425,Fe3O4,46.8,49.25722173011928,0.001,100.33,12.0,231.5326,2.75,Fe,0.8525
426,Fe3O4,145.8,17.7,7.053159795596625e-11,62.00873,72.0,231.5326,2.75,Fe,0.8525
427,NiO,22.0,25.3,0.002,84.339,24.0,74.69279999999999, ,Ni,0.74
428,ZnO,60.0,-26.0,0.000814084,89.433136,48.0,81.4084,2.545,Zn,0.88
429,Au,61.46,24.4,0.004,90.303,24.0,196.966569,2.54,Au, 
430,ZrO2,10.0,-45.5,0.15,51.1,24.0, ,2.736666666666667,Zr, 
431,TiO2,20.0,-17.6,1.871204855393443e-07,76.58599,24.0,79.8658,2.806666666666666,Ti,0.8516666666666667
432,Au,90.0,24.4,0.001,99.135,48.0,196.966569,2.54,Au, 
433,Pt,13.5,-8.0,1.172313820413416e-06,71.27001,72.0, , ,Pt,0.805
434,SiO2,14.23,-35.9,0.2,58.848,72.0, ,2.9266666666666663,Si, 
435,Pt,20.12,-8.0,0.005,70.0,48.0, , ,Pt,0.805
436,Fe3O4,28.33,49.25722173011928,0.05,43.644,48.0,231.5326,2.75,Fe,0.8525
437,SiO2,96.0,-11.0,3.250964740998874e-09,100.0,24.0, ,2.9266666666666663,Si, 
438,TiO2,150.0,-17.6,5.706961419520449e-09,88.7218,4.0,79.8658,2.806666666666666,Ti,0.8516666666666667
439,Fe3O4,145.8,17.7,2.8257851745178776e-10,49.74576,72.0,231.5326,2.75,Fe,0.8525
440,SiO2,437.0,21.7,3.360363534106936e-12,103.1579,24.0, ,2.9266666666666663,Si, 
441,Fe3O4,14.0,49.25722173011928,2.553392592701264e-05,97.015015,96.0,231.5326,2.75,Fe,0.8525
442,CuO,52.51,-39.67,6.9032006960479404e-09,66.055046,24.0,79.5454,2.67,Cu,0.82
443,ZnO,639.0,-26.0,8.819107226073392e-13,75.09376,12.0,81.4084,2.545,Zn,0.88
444,ZnO,100.0,-26.0,0.02,56.719,48.0,81.4084,2.545,Zn,0.88
445,C23H40N2O18,143.67,-12.3,3.560450973632377e-06,11.129743,24.0,632.5663,2.5861445783132533,C,0.3
446,C23H40N2O18,143.67,-12.3,2.136270584179426e-06,81.070625,24.0,632.5663,2.5861445783132533,C,0.3
447,Al2O3,239.0,8.667160493827168,5.996465006486421e-12,34.19274,24.0,101.9612772, ,Al,0.675
448,SiO2,199.89,-35.9,0.2,50.797,72.0, ,2.9266666666666663,Si, 
449,MgO,639.0,-7.01,1.368414584861392e-14,44.917744,12.0,40.3044,2.375,Mg, 
450,Au,30.0,24.4,0.015,65.609,72.0,196.966569,2.54,Au, 
451,Au,33.69,24.4,0.0002,120.51,24.0,196.966569,2.54,Au, 
452,Ag,28.41,-33.33,2.84436334403519e-07,28.729641,48.0,107.8682,1.93,Ag,1.086666666666667
453,Pt,13.5,-8.0,2.93078455103354e-07,99.84555,72.0, , ,Pt,0.805
454,ZnO,165.0,-26.0,8.195875402680565e-13,101.001465,24.0,81.4084,2.545,Zn,0.88
455,TiO2,47.83,-17.6,3.344671865158838e-07,73.991032,24.0,79.8658,2.806666666666666,Ti,0.8516666666666667
456,CeO2,12.5,20.020605822958544,0.00312,98.236,24.0,172.1148,2.6666666666666665,Ce,1.08
457,Cu2O,88.5,118.7302016664654,3.450510054322787e-11,109.20635,3.0,143.0914,2.4133333333333336,Cu,0.82
458,Fe3O4,145.8,17.7,2.8257851745178776e-10,169.43231,72.0,231.5326,2.75,Fe,0.8525
459,SiO2,60.0,-30.0,1.5021075e-10,104.2915,96.0, ,2.9266666666666663,Si, 
460,SiO2,437.0,21.7,5.3851979713252185e-11,90.52631,24.0, ,2.9266666666666663,Si, 
461,Fe3O4,326.5,-23.5,2.0130387938220988e-10,88.110214,24.0,231.5326,2.75,Fe,0.8525
462,SiO2,437.0,21.7,1.344145413642775e-11,111.521736,12.0, ,2.9266666666666663,Si, 
463,CuO,239.0,-39.67,5.856967832054559e-11,46.067417,12.0,79.5454,2.67,Cu,0.82
464,MnO,14.0,79.47903071527261,7.633750982421941e-06,77.44945,96.0,70.937445, ,Mn,0.6483333333333333
465,MgO,39.2,-7.01,0.05,86.799,12.0,40.3044,2.375,Mg, 
466,ZnO,165.0,-26.0,2.0489688506701408e-10,99.29382,3.0,81.4084,2.545,Zn,0.88
467,Fe3O4,326.5,-23.5,2.013038793822099e-11,86.72798,24.0,231.5326,2.75,Fe,0.8525
468,Fe3O4,145.8,17.7,7.053159795596625e-11,60.188145,72.0,231.5326,2.75,Fe,0.8525
469,TiO2,150.0,-17.6,2.158652437067873e-11,90.97744,24.0,79.8658,2.806666666666666,Ti,0.8516666666666667
470,Au,30.0,24.4,0.001,98.604,24.0,196.966569,2.54,Au, 
471,ZnO,165.0,-26.0,8.195875402680561e-12,95.34369,6.0,81.4084,2.545,Zn,0.88
472,ZnO,60.21,-26.0,0.1,36.21,24.0,81.4084,2.545,Zn,0.88
473,TiO2,50.0,-17.6,0.08,90.295,6.0,79.8658,2.806666666666666,Ti,0.8516666666666667
474,NiO,22.0,25.3,0.01,53.017,24.0,74.69279999999999, ,Ni,0.74
475,ZnO,165.0,-26.0,8.19587540268056e-14,99.02918,6.0,81.4084,2.545,Zn,0.88
476,Ag,28.41,-33.33,3.555454180043988e-07,22.251656,48.0,107.8682,1.93,Ag,1.086666666666667
477,ZnO,200.0,-26.0,0.016,80.994,24.0,81.4084,2.545,Zn,0.88
478,SiO2,100.0,-35.9,0.0125,102.24,24.0, ,2.9266666666666663,Si, 
479,Cu2O,88.5,118.7302016664654,3.633049908779192e-07,42.732918,24.0,143.0914,2.4133333333333336,Cu,0.82
480,Pt,13.5,-40.5,4.689255281653665e-06,16.234066,48.0, , ,Pt,0.805
481,C23H40N2O18,143.67,-12.3,5.340676460448567e-06,5.8215156,24.0,632.5663,2.5861445783132533,C,0.3
482,Fe3O4,326.5,-23.5,4.0260775876441976e-12,83.56256,24.0,231.5326,2.75,Fe,0.8525
483,ZnO,52.0,-26.0,0.005,95.017,24.0,81.4084,2.545,Zn,0.88
484,SiO2,59.72,-35.9,0.01,99.757,24.0, ,2.9266666666666663,Si, 
485,ZnO,639.0,-26.0,8.819107226073392e-13,92.134834,12.0,81.4084,2.545,Zn,0.88
486,Pt,13.5,-8.0,4.689255281653665e-06,56.666668,48.0, , ,Pt,0.805
487,ZnO,165.0,-26.0,8.195875402680559e-11,82.640854,6.0,81.4084,2.545,Zn,0.88
488,ZrO2,10.0,-45.5,0.2,36.98,24.0, ,2.736666666666667,Zr, 
489,TiO2,38.0,-17.6,5.456203106556184e-08,97.09091,24.0,79.8658,2.806666666666666,Ti,0.8516666666666667
490,SiO2,199.89,-35.9,0.1,50.114,72.0, ,2.9266666666666663,Si, 
491,TiO2,25.0,-17.6,0.05,96.935,6.0,79.8658,2.806666666666666,Ti,0.8516666666666667
492,C56H103N9O39,265.0,25.4,4.85583235046566e-07,67.522934,4.0,1526.45392,2.564830917874396,C,0.3
493,Ag,28.41,-33.33,3.555454180043988e-07,10.983051,24.0,107.8682,1.93,Ag,1.086666666666667
494,ZnO,60.0,-26.0,6.341606925117909e-07,80.345116,4.0,81.4084,2.545,Zn,0.88
495,C23H40N2O18,95.5,-9.8,1.454703275170607e-05,0.0,24.0,632.5663,2.5861445783132533,C,0.3
496,Ag,28.41,-33.33,2.133272508026393e-07,53.245033,24.0,107.8682,1.93,Ag,1.086666666666667
497,SiO2,437.0,21.7,4.308158377060175e-10,103.85965,24.0, ,2.9266666666666663,Si, 
498,C56H103N9O39,260.0,47.0,2.754320596624287e-07,44.84716,24.0,1526.45392,2.564830917874396,C,0.3
499,Cu2O,88.5,118.7302016664654,3.6330500178939016e-11,113.78882,3.0,143.0914,2.4133333333333336,Cu,0.82
500,SiO2,120.0,-35.9,0.5,82.973,96.0, ,2.9266666666666663,Si, 
501,TiO2,15.84,-17.6,0.0001,87.557,48.0,79.8658,2.806666666666666,Ti,0.8516666666666667
502,Pt,13.5,-8.0,2.344627640826832e-06,80.5435,48.0, , ,Pt,0.805
503,TiO2,124.9,-17.6,2.458521360223581e-10,91.42857,6.0,79.8658,2.806666666666666,Ti,0.8516666666666667
504,CuO,10.0,-39.67,0.05,56.291,24.0,79.5454,2.67,Cu,0.82
505,SiO2,15.0,-35.9,0.1,59.949,72.0, ,2.9266666666666663,Si, 
506,NiO,21.6,25.3,0.01,95.873,24.0,74.69279999999999, ,Ni,0.74
507,ZnO,71.0,-26.0,0.05,10.0,48.0,81.4084,2.545,Zn,0.88
508,Ag,28.41,-33.33,1.422181672017595e-07,4.4745765,48.0,107.8682,1.93,Ag,1.086666666666667
509,ZnO,50.0,-26.0,0.001,91.342,24.0,81.4084,2.545,Zn,0.88
510,Fe3O4,361.4,12.1,7.421766059189711e-11,0.0,168.0,231.5326,2.75,Fe,0.8525
511,MgO,12.0,-7.01,0.8,32.17,24.0,40.3044,2.375,Mg, 
512,Au,215.0,24.4,0.0025,44.329,24.0,196.966569,2.54,Au, 
513,SiO2,437.0,21.7,2.154079188530087e-10,96.14035,24.0, ,2.9266666666666663,Si, 
514,ZnO,24.0,-44.6,1.664537072901585e-09,91.11546,48.0,81.4084,2.545,Zn,0.88
515,Cu2O,88.5,118.7302016664654,3.5730148858451377e-10,83.809525,24.0,143.0914,2.4133333333333336,Cu,0.82
516,Al2O3,28.0,8.667160493827168,0.1,79.713,24.0,101.9612772, ,Al,0.675
517,TiO2,21.0,-17.6,0.75,50.279,48.0,79.8658,2.806666666666666,Ti,0.8516666666666667
518,Fe3O4,145.8,17.7,5.651570349035752e-10,96.77419,72.0,231.5326,2.75,Fe,0.8525
519,Fe3O4,28.33,49.25722173011928,0.01,94.302,6.0,231.5326,2.75,Fe,0.8525
520,Au,20.0,24.4,0.0196966569,88.101265,48.0,196.966569,2.54,Au, 
521,SiO2,96.0,-11.0,3.250964740998874e-09,105.3684,24.0, ,2.9266666666666663,Si, 
522,SiO2,100.0,-35.9,0.00625,101.49,24.0, ,2.9266666666666663,Si, 
523,ZnO,11.0,-26.0,2.200907562956266e-07,136.3089,24.0,81.4084,2.545,Zn,0.88
524,Fe3O4,361.4,12.1,3.710883029594856e-11,108.333336,72.0,231.5326,2.75,Fe,0.8525
525,C56H103N9O39,40.0,34.6,0.03,28.581,24.0,1526.45392,2.564830917874396,C,0.3
526,TiO2,24.59,-17.6,0.01,64.7,48.0,79.8658,2.806666666666666,Ti,0.8516666666666667
527,Au,6.3,24.4,0.0003,100.0,24.0,196.966569,2.54,Au, 
528,C56H103N9O39,159.0,30.5,3.585190448980889e-06,50.0,4.0,1526.45392,2.564830917874396,C,0.3
529,Fe3O4,145.8,17.7,5.651570349035752e-10,94.188034,1.0,231.5326,2.75,Fe,0.8525
530,ZnO,8.0,-26.0,0.203521,67.05426,24.0,81.4084,2.545,Zn,0.88
531,C56H103N9O39,240.0,43.9,3.501876360407153e-07,95.44396,24.0,1526.45392,2.564830917874396,C,0.3
532,Au,25.0,24.4,2.0692654521582323e-08,77.586205,48.0,196.966569,2.54,Au, 
533,C56H103N9O39,40.0,34.6,0.01,60.323,12.0,1526.45392,2.564830917874396,C,0.3
534,Fe3O4,28.33,49.25722173011928,0.05,43.644,48.0,231.5326,2.75,Fe,0.8525
535,Ag,28.41,-33.33,2.84436334403519e-08,44.90066,72.0,107.8682,1.93,Ag,1.086666666666667
536,ZnO,45.3,-26.0,0.005,91.776,12.0,81.4084,2.545,Zn,0.88
537,Ag,27.02,-18.4,8.918990787342486e-09,75.254234,24.0,107.8682,1.93,Ag,1.086666666666667
538,Au,18.0,24.4,0.0025,75.88,24.0,196.966569,2.54,Au, 
539,TiO2,160.5,-27.8,1.158607114001462e-09,128.8,6.0,79.8658,2.806666666666666,Ti,0.8516666666666667
540,CuO,40.0,-39.67,0.05,85.872,24.0,79.5454,2.67,Cu,0.82
541,Cu2O,88.5,118.7302016664654,3.5730149949598493e-08,10.1587305,24.0,143.0914,2.4133333333333336,Cu,0.82
542,Pt,20.12,-8.0,0.01,48.226,72.0, , ,Pt,0.805
543,ZnO,100.0,-26.0,0.015,100.0,24.0,81.4084,2.545,Zn,0.88
544,MgO,8.0,-7.01,4.184095207964242e-06,24.521444,24.0,40.3044,2.375,Mg, 
545,MgO,39.2,-7.01,0.0001,98.361,24.0,40.3044,2.375,Mg, 
546,ZnO,71.0,-26.0,0.05,85.333,48.0,81.4084,2.545,Zn,0.88
547,Pt,20.12,-8.0,0.05,15.484,72.0, , ,Pt,0.805
548,MnO,14.0,79.47903071527261,7.633750982421941e-06,60.414936,48.0,70.937445, ,Mn,0.6483333333333333
549,Fe3O4,22.0,49.25722173011928,0.01,84.0,24.0,231.5326,2.75,Fe,0.8525
550,Ag,28.41,-33.33,7.110908360087976e-08,35.744682,72.0,107.8682,1.93,Ag,1.086666666666667
551,CuO,46.3,-39.67,0.001,99.01,12.0,79.5454,2.67,Cu,0.82
552,CeO2,20.3,20.020605822958544,0.4,100.0,24.0,172.1148,2.6666666666666665,Ce,1.08
553,Cu2O,88.5,118.7302016664654,1.168783423773078e-07,94.409935,3.0,143.0914,2.4133333333333336,Cu,0.82
554,SiO2,13.0,-27.0,0.0327292392022346,45.270145,24.0, ,2.9266666666666663,Si, 
555,CuO,46.3,-39.67,0.001,99.01,12.0,79.5454,2.67,Cu,0.82
556,ZnO,20.0,-26.0,0.04,40.556,24.0,81.4084,2.545,Zn,0.88
557,Fe3O4,145.8,17.7,2.8257851745178776e-10,56.04981,24.0,231.5326,2.75,Fe,0.8525
558,Cu2O,88.5,118.7302016664654,1.129886539051926e-09,93.544975,3.0,143.0914,2.4133333333333336,Cu,0.82
559,C56H103N9O39,265.0,25.4,7.630593693588893e-07,49.541283,4.0,1526.45392,2.564830917874396,C,0.3
560,MgO,639.0,-7.01,1.368414584861392e-15,46.819355,12.0,40.3044,2.375,Mg, 
561,NiO,22.0,25.3,0.01,44.673,24.0,74.69279999999999, ,Ni,0.74
562,Fe3O4,6.0,49.25722173011928,0.002,50.217,72.0,231.5326,2.75,Fe,0.8525
563,Fe3O4,196.4,49.25722173011928,1.849725341605939e-11,95.28805,72.0,231.5326,2.75,Fe,0.8525
564,TiO2,124.9,-17.6,2.458521360223581e-10,83.809525,24.0,79.8658,2.806666666666666,Ti,0.8516666666666667
565,SiO2,60.0,-30.0,1.5021075e-10,104.2915,96.0, ,2.9266666666666663,Si, 
566,TiO2,30.0,-17.6,0.00625,88.267,24.0,79.8658,2.806666666666666,Ti,0.8516666666666667
567,Ag,14.7,-20.0,1.027616289471819e-07,100.0607,24.0,107.8682,1.93,Ag,1.086666666666667
568,Au,6.3,24.4,0.0006,100.0,24.0,196.966569,2.54,Au, 
569,TiO2,38.0,-17.6,2.182481242622473e-08,91.63636,24.0,79.8658,2.806666666666666,Ti,0.8516666666666667
570,C56H103N9O39,122.0,26.5,4.632933367662643e-06,80.0,4.0,1526.45392,2.564830917874396,C,0.3
571,Pt,20.12,-8.0,0.0025,90.0,48.0, , ,Pt,0.805
572,Ag,28.41,-33.33,5.688726688070381e-08,57.916668,24.0,107.8682,1.93,Ag,1.086666666666667
573,Fe3O4,145.8,17.7,5.651570349035752e-10,77.79661,4.0,231.5326,2.75,Fe,0.8525
574,ZnO,30.0,-26.0,0.001,96.943,24.0,81.4084,2.545,Zn,0.88
575,Ag,36.4,-23.1,9.137188863135807e-10,85.84981,48.0,107.8682,1.93,Ag,1.086666666666667
576,SiO2,375.4,-26.8,4.240702011600233e-11,103.85965,24.0, ,2.9266666666666663,Si, 
577,Fe3O4,46.8,49.25722173011928,0.05,99.013,12.0,231.5326,2.75,Fe,0.8525
578,ZnO,100.0,-26.0,0.03,71.146,3.0,81.4084,2.545,Zn,0.88
579,Fe3O4,361.4,12.1,7.421766059189711e-11,2.8248587,72.0,231.5326,2.75,Fe,0.8525
580,Fe3O4,13.5,49.25722173011928,2.315326e-07,101.673546,48.0,231.5326,2.75,Fe,0.8525
581,ZnO,639.0,-26.0,8.819107226073392e-13,71.91011,24.0,81.4084,2.545,Zn,0.88
582,Fe3O4,361.4,12.1,3.710883029594856e-11,91.113958,24.0,231.5326,2.75,Fe,0.8525
583,SiO2,21.06,-35.9,0.2,59.124,24.0, ,2.9266666666666663,Si, 
584,Pt,13.5,-8.0,4.689255281653665e-06,43.603603,72.0, , ,Pt,0.805
585,NiO,21.6,25.3,0.01,82.234,24.0,74.69279999999999, ,Ni,0.74
586,C56H103N9O39,265.0,25.4,8.327214177348038e-07,50.0,4.0,1526.45392,2.564830917874396,C,0.3
587,CeO2,33.0,20.020605822958544,0.025,95.77,24.0,172.1148,2.6666666666666665,Ce,1.08
588,NiO,22.0,25.3,0.025,43.13,24.0,74.69279999999999, ,Ni,0.74
589,Au,90.0,24.4,0.015,72.93,24.0,196.966569,2.54,Au, 
590,Fe3O4,361.4,12.1,4.631182020934381e-12,93.6327133,4.0,231.5326,2.75,Fe,0.8525
591,Al2O3,13.0,8.667160493827168,0.2,54.026,24.0,101.9612772, ,Al,0.675
592,MnO,14.0,79.47903071527261,7.633750982421941e-06,78.984985,96.0,70.937445, ,Mn,0.6483333333333333
593,Fe3O4,145.8,17.7,7.053159795596625e-11,98.2479,24.0,231.5326,2.75,Fe,0.8525
594,Fe3O4,326.5,-23.5,4.0260775876441976e-10,79.795074,24.0,231.5326,2.75,Fe,0.8525
595,Fe3O4,6.0,49.25722173011928,0.002,80.426,48.0,231.5326,2.75,Fe,0.8525
596,Fe3O4,145.8,17.7,2.8257851745178776e-10,93.7606835,72.0,231.5326,2.75,Fe,0.8525
597,TiO2,25.0,-17.6,0.06,108.95,24.0,79.8658,2.806666666666666,Ti,0.8516666666666667
598,SiO2,100.33,-35.9,0.2,63.99,24.0, ,2.9266666666666663,Si, 
599,ZnO,18.76,-26.0,0.1,24.578,24.0,81.4084,2.545,Zn,0.88
600,SiO2,120.0,-35.9,0.1,83.499,96.0, ,2.9266666666666663,Si, 
601,Fe3O4,957.0,49.25722173011928,1.59880642016515e-14,95.435032,12.0,231.5326,2.75,Fe,0.8525
602,Fe3O4,361.4,12.1,4.631182020934381e-12,100.568184,24.0,231.5326,2.75,Fe,0.8525
603,Au,5.0,24.4,0.0025,33.725,72.0,196.966569,2.54,Au, 
604,NiO,22.0,25.3,0.025,33.461,24.0,74.69279999999999, ,Ni,0.74
605,SiO2,29.5,-35.9,1.400457466971979e-05,15.351352,4.0, ,2.9266666666666663,Si, 
606,SiO2,115.0,-48.0,1.5021075e-08,90.688255,48.0, ,2.9266666666666663,Si, 
607,CeO2,25.0,20.020605822958544,0.1,114.95,24.0,172.1148,2.6666666666666665,Ce,1.08
608,CuO,55.8,-39.67,0.005,92.96,48.0,79.5454,2.67,Cu,0.82
609,C23H40N2O18,98.4,-14.6,5.816274793560433e-06,59.562843,24.0,632.5663,2.5861445783132533,C,0.3
610,Au,5.0,24.4,0.00167,102.43,72.0,196.966569,2.54,Au, 
611,C56H103N9O39,40.0,34.6,0.02,54.0,12.0,1526.45392,2.564830917874396,C,0.3
612,Ag,28.41,-33.33,1.422181672017595e-07,39.218243,48.0,107.8682,1.93,Ag,1.086666666666667
613,Ag,28.41,-33.33,7.110908360087976e-08,65.667755,48.0,107.8682,1.93,Ag,1.086666666666667
614,Pt,13.5,-40.5,2.344627640826832e-06,26.086956,48.0, , ,Pt,0.805
615,ZrO2,10.0,-45.5,0.15,52.62,24.0, ,2.736666666666667,Zr, 
616,TiO2,15.84,-17.6,0.1,6.0,48.0,79.8658,2.806666666666666,Ti,0.8516666666666667
617,Cu2O,88.5,118.7302016664654,3.699868811506005e-07,5.684342e-14,24.0,143.0914,2.4133333333333336,Cu,0.82
618,SiO2,59.72,-35.9,0.2,31.435,72.0, ,2.9266666666666663,Si, 
619,Au,18.0,24.4,0.0003,84.876,24.0,196.966569,2.54,Au, 
620,SiO2,240.0,58.0,3.901157689198649e-10,104.888885,24.0, ,2.9266666666666663,Si, 
621,SiO2,375.4,-26.8,2.120351005800117e-11,106.304344,12.0, ,2.9266666666666663,Si, 
622,Au,61.46,24.4,0.0002,46.853,24.0,196.966569,2.54,Au, 
623,TiO2,35.0,-17.6,1.396584381867993e-07,78.515625,4.0,79.8658,2.806666666666666,Ti,0.8516666666666667
624,Ag,28.41,-33.33,3.555454180043988e-08,55.31915,72.0,107.8682,1.93,Ag,1.086666666666667
625,SiO2,29.5,-35.9,3.503940941174478e-06,16.864864,4.0, ,2.9266666666666663,Si, 
626,CuO,52.51,-39.67,6.9032006960479404e-09,68.67281,24.0,79.5454,2.67,Cu,0.82
627,Ag,28.41,-33.33,5.688726688070381e-07,8.936171,48.0,107.8682,1.93,Ag,1.086666666666667
628,ZnO,60.21,-26.0,0.1,36.21,24.0,81.4084,2.545,Zn,0.88
629,ZnO,165.0,-26.0,2.0489688506701408e-10,99.29382,3.0,81.4084,2.545,Zn,0.88
630,CuO,28.0,-39.67,0.05,90.667,48.0,79.5454,2.67,Cu,0.82
631,TiO2,160.5,-27.8,1.448258892501828e-09,139.2,6.0,79.8658,2.806666666666666,Ti,0.8516666666666667
632,Fe3O4,145.8,17.7,2.8257851745178776e-10,76.22088,72.0,231.5326,2.75,Fe,0.8525
633,Au,33.69,24.4,0.002,106.84,96.0,196.966569,2.54,Au, 
634,TiO2,420.7,-9.96,4.825085666213883e-11,116.02726,3.0,79.8658,2.806666666666666,Ti,0.8516666666666667
635,Au,6.0,24.4,0.1,68.798,24.0,196.966569,2.54,Au, 
636,SiO2,59.72,-35.9,0.2,62.774,24.0, ,2.9266666666666663,Si, 
637,TiO2,420.7,-9.96,1.6083618887379608e-11,97.16019,6.0,79.8658,2.806666666666666,Ti,0.8516666666666667
638,C56H103N9O39,155.0,28.8,2.67382135042154e-06,80.0,4.0,1526.45392,2.564830917874396,C,0.3
639,Au,6.3,24.4,0.005,103.26,24.0,196.966569,2.54,Au, 
640,Fe3O4,42.5,49.25722173011928,1e-06,95.738,24.0,231.5326,2.75,Fe,0.8525
641,TiO2,15.84,-17.6,0.06,15.11,48.0,79.8658,2.806666666666666,Ti,0.8516666666666667
642,ZnO,40.44,-26.0,0.1,34.522,24.0,81.4084,2.545,Zn,0.88
643,SiO2,14.23,-35.9,0.01,92.455,72.0, ,2.9266666666666663,Si, 
644,ZnO,60.0,-26.0,8.140839999999999e-05,97.29278,48.0,81.4084,2.545,Zn,0.88
645,MnO,14.0,79.47903071527261,7.633750982421941e-06,60.414936,48.0,70.937445, ,Mn,0.6483333333333333
646,SiO2,14.0,-35.9,1.965364573450515e-07,22.880486,24.0, ,2.9266666666666663,Si, 
647,Fe3O4,361.4,12.1,9.27720757398714e-12,248.2997,72.0,231.5326,2.75,Fe,0.8525
648,Fe3O4,6.0,49.25722173011928,0.004,91.277,24.0,231.5326,2.75,Fe,0.8525
649,Au,6.0,24.4,0.2,47.09,24.0,196.966569,2.54,Au, 
650,TiO2,50.0,-17.6,2.8741706578843293e-08,18.892702,24.0,79.8658,2.806666666666666,Ti,0.8516666666666667
651,Cu2O,88.5,118.7302016664654,3.573014667615716e-09,31.74603,24.0,143.0914,2.4133333333333336,Cu,0.82
652,Fe3O4,361.4,12.1,4.631182020934381e-12,92.61364,120.0,231.5326,2.75,Fe,0.8525
653,Ag,28.41,-33.33,1.422181672017595e-07,34.468086,24.0,107.8682,1.93,Ag,1.086666666666667
654,C56H103N9O39,188.0,15.4,3.898552648899942e-06,50.0,4.0,1526.45392,2.564830917874396,C,0.3
655,C9H15N3O6,11.7,-30.0,2.612319e-07,61.011944,7.0,261.2319,2.597272727272728,C,0.3
656,CuO,33.0,-39.67,7.954540000000001e-06,98.91648,48.0,79.5454,2.67,Cu,0.82
657,TiO2,170.0,-17.6,1.8281667628513176e-10,119.808014,24.0,79.8658,2.806666666666666,Ti,0.8516666666666667
658,Pt,20.12,-8.0,0.005,67.581,72.0, , ,Pt,0.805
659,Ag,28.41,-33.33,1.137745337614076e-06,21.889252,48.0,107.8682,1.93,Ag,1.086666666666667
660,ZnO,24.0,-44.6,1.664537072901585e-09,91.11546,48.0,81.4084,2.545,Zn,0.88
661,ZnO,639.0,-26.0,1.7638214452146778e-11,22.47191,24.0,81.4084,2.545,Zn,0.88
662,MgO,12.0,-7.01,0.8,32.17,24.0,40.3044,2.375,Mg, 
663,Al2O3,28.0,8.667160493827168,0.1,75.606,24.0,101.9612772, ,Al,0.675
664,Al2O3,239.0,8.667160493827168,2.99823250324321e-11,95.505615,24.0,101.9612772, ,Al,0.675
665,SiO2,199.89,-35.9,0.5,24.878,24.0, ,2.9266666666666663,Si, 
666,Ag,28.41,-33.33,1.137745337614076e-07,48.333332,24.0,107.8682,1.93,Ag,1.086666666666667
667,C9H15N3O6,5.3,-42.0,2.612319e-07,88.168106,12.0,261.2319,2.597272727272728,C,0.3
668,Ag,28.41,-33.33,2.84436334403519e-07,49.668873,24.0,107.8682,1.93,Ag,1.086666666666667
669,Fe3O4,361.4,12.1,1.855441514797428e-11,92.436074,24.0,231.5326,2.75,Fe,0.8525
670,ZnO,60.0,-26.0,0.00814084,46.814537,48.0,81.4084,2.545,Zn,0.88
671,ZnO,60.0,-26.0,0.00814084,97.44493,48.0,81.4084,2.545,Zn,0.88
672,CuO,30.09,-39.67,0.0316,1.1561,48.0,79.5454,2.67,Cu,0.82
673,C56H103N9O39,188.0,15.4,3.978073304378161e-06,50.0,4.0,1526.45392,2.564830917874396,C,0.3
674,Fe3O4,28.33,49.25722173011928,0.1,63.478,48.0,231.5326,2.75,Fe,0.8525
675,Fe3O4,145.8,17.7,1.130314069807151e-09,0.8414183,168.0,231.5326,2.75,Fe,0.8525
676,CdO,179.3,88.18023735375812,8.668671717265823e-10,1.1455847,24.0, ,2.565,Cd,1.09
677,C56H103N9O39,155.0,28.8,2.67382135042154e-06,80.0,4.0,1526.45392,2.564830917874396,C,0.3
678,Cu2O,88.5,118.7302016664654,1.091147106858293e-07,79.15344,11.0,143.0914,2.4133333333333336,Cu,0.82
679,Se,79.6,0.0,4.129752130004681e-10,54.2135,24.0, ,2.55,Se,1.0133333333333334
680,CuO,33.0,-39.67,7.95454e-08,98.284424,48.0,79.5454,2.67,Cu,0.82
681,SiO2,375.4,-26.8,4.240702011600233e-11,103.85965,24.0, ,2.9266666666666663,Si, 
682,C56H103N9O39,188.0,34.6,2.091420943508697e-06,50.0,4.0,1526.45392,2.564830917874396,C,0.3
683,TiO2,124.9,-17.6,2.458521360223581e-12,99.68254,24.0,79.8658,2.806666666666666,Ti,0.8516666666666667
684,TiO2,160.5,-27.8,8.689553355010964e-10,134.4,6.0,79.8658,2.806666666666666,Ti,0.8516666666666667
685,NiO,21.6,25.3,0.05,85.282,24.0,74.69279999999999, ,Ni,0.74
686,Fe3O4,36.0,49.25722173011928,7.508690494654784e-08,72.735,24.0,231.5326,2.75,Fe,0.8525
687,Ag,14.7,-20.0,1.027616289471819e-07,100.0607,24.0,107.8682,1.93,Ag,1.086666666666667
688,Fe3O4,326.5,-23.5,4.0260775876441976e-12,87.291214,24.0,231.5326,2.75,Fe,0.8525
689,Au,6.3,24.4,0.0003,94.541,24.0,196.966569,2.54,Au, 
690,MgO,12.0,-7.01,0.2,53.07,24.0,40.3044,2.375,Mg, 
691,C9H15N3O6,3.6,-27.0,2.612319e-07,20.941936,17.0,261.2319,2.597272727272728,C,0.3
692,ZnO,100.0,-26.0,0.015,92.358,3.0,81.4084,2.545,Zn,0.88
693,Fe3O4,361.4,12.1,7.421766059189711e-11,55.68182,24.0,231.5326,2.75,Fe,0.8525
694,C23H40N2O18,98.4,-14.6,1.108199602461785e-06,67.07317,24.0,632.5663,2.5861445783132533,C,0.3
695,ZnO,100.0,-26.0,0.03,71.146,3.0,81.4084,2.545,Zn,0.88
696,CuO,52.51,-39.67,0.05,48.0,24.0,79.5454,2.67,Cu,0.82
697,Cu2O,88.5,118.7302016664654,3.699868811506006e-08,18.624338,24.0,143.0914,2.4133333333333336,Cu,0.82
698,SiO2,120.0,-35.9,0.1,91.27,96.0, ,2.9266666666666663,Si, 
699,Ag,28.41,-33.33,2.133272508026393e-07,53.245033,24.0,107.8682,1.93,Ag,1.086666666666667
700,ZnO,165.0,-26.0,8.19587540268056e-14,90.36144,48.0,81.4084,2.545,Zn,0.88
701,SiO2,21.06,-35.9,0.1,34.921,72.0, ,2.9266666666666663,Si, 
702,NiO,22.0,25.3,0.002,77.535,24.0,74.69279999999999, ,Ni,0.74
703,ZnO,60.21,-26.0,0.04,40.525,24.0,81.4084,2.545,Zn,0.88
704,Cu2O,88.5,118.7302016664654,1.0911471068582928e-10,95.2381,24.0,143.0914,2.4133333333333336,Cu,0.82
705,Al2O3,28.0,8.667160493827168,0.05,67.684,24.0,101.9612772, ,Al,0.675
706,TiO2,420.7,-9.96,6.433447554951843e-11,120.27379,3.0,79.8658,2.806666666666666,Ti,0.8516666666666667
707,TiO2,15.0,-17.6,0.05,85.2,48.0,79.8658,2.806666666666666,Ti,0.8516666666666667
708,CuO,30.09,-39.67,0.0316,1.1561,48.0,79.5454,2.67,Cu,0.82
709,MgO,39.2,-7.01,1e-06,97.03,12.0,40.3044,2.375,Mg, 
710,Ag,28.41,-33.33,3.555454180043988e-07,19.86755,72.0,107.8682,1.93,Ag,1.086666666666667
711,Al2O3,239.0,8.667160493827168,5.996465006486421e-15,96.62921,12.0,101.9612772, ,Al,0.675
712,SiO2,115.0,-48.0,1.5021075e-08,90.688255,48.0, ,2.9266666666666663,Si, 
713,SiO2,31.4,-35.9,0.025,74.167,24.0, ,2.9266666666666663,Si, 
714,TiO2,38.0,-17.6,5.456203106556184e-08,81.27273,24.0,79.8658,2.806666666666666,Ti,0.8516666666666667
715,Au,20.0,24.4,0.00196966569,94.177216,48.0,196.966569,2.54,Au, 
716,TiO2,160.5,-27.8,1.158607114001462e-09,107.2,3.0,79.8658,2.806666666666666,Ti,0.8516666666666667
717,SiO2,598.2,87.0,1.679564727035359e-10,82.025314,24.0, ,2.9266666666666663,Si, 
718,SiO2,9.0,-35.9,1.0,7.888,48.0, ,2.9266666666666663,Si, 
719,SiO2,13.0,-27.0,0.0327292392022346,70.10661,24.0, ,2.9266666666666663,Si, 
720,Au,50.0,24.4,0.005,102.03,72.0,196.966569,2.54,Au, 
721,Dendrimer, , ,0.0369564,-86.41,12.0, , , , 
722,TiO2,30.0,-17.6,0.05,68.592,24.0,79.8658,2.806666666666666,Ti,0.8516666666666667
723,C56H103N9O39,188.0,34.6,2.137087988166372e-06,25.688074,4.0,1526.45392,2.564830917874396,C,0.3
724,TiO2,160.5,-27.8,1.737910671002193e-09,135.2,6.0,79.8658,2.806666666666666,Ti,0.8516666666666667
725,ZnO,639.0,-26.0,1.7638214452146793e-14,95.709979,12.0,81.4084,2.545,Zn,0.88
726,Au,50.0,24.4,0.025,7.1066,72.0,196.966569,2.54,Au, 
727,SiO2,50.0,-35.9,0.00625,96.828,24.0, ,2.9266666666666663,Si, 
728,ZnO,100.0,-26.0,0.04,50.437,3.0,81.4084,2.545,Zn,0.88
729,Cu2O,88.5,118.7302016664654,3.760076999485917e-08,69.06832,3.0,143.0914,2.4133333333333336,Cu,0.82
730,Au,6.3,24.4,0.0025,98.736,24.0,196.966569,2.54,Au, 
731,ZnO,100.0,-26.0,0.015,80.237,24.0,81.4084,2.545,Zn,0.88
732,Au,33.69,24.4,0.004,105.13,24.0,196.966569,2.54,Au, 
733,ZnO,100.0,-26.0,0.08,49.345,24.0,81.4084,2.545,Zn,0.88
734,C56H103N9O39,360.0,47.0,1.037592995676194e-07,78.034935,24.0,1526.45392,2.564830917874396,C,0.3
735,C23H40N2O18,95.5,-9.8,1.454703275170607e-05,0.0,24.0,632.5663,2.5861445783132533,C,0.3
736,Ag,28.41,-33.33,1.422181672017595e-07,34.468086,24.0,107.8682,1.93,Ag,1.086666666666667
737,ZnO,67.0,45.2,1.91268211979129e-08,10.097847,48.0,81.4084,2.545,Zn,0.88
738,C23H40N2O18,95.5,-9.8,5.455137281889776e-06,63.0,24.0,632.5663,2.5861445783132533,C,0.3
739,Fe3O4,145.8,17.7,1.4128925872589388e-10,115.32258,72.0,231.5326,2.75,Fe,0.8525
740,Fe3O4,145.8,17.7,2.8257851745178776e-10,65.93220500000001,24.0,231.5326,2.75,Fe,0.8525
741,Au,215.0,24.4,0.005,41.727,24.0,196.966569,2.54,Au, 
742,Ag,28.41,-33.33,1.137745337614076e-06,22.345278,72.0,107.8682,1.93,Ag,1.086666666666667
743,Fe3O4,361.4,12.1,4.631182020934381e-12,95.480225,24.0,231.5326,2.75,Fe,0.8525
744,SiO2,10.0,-35.9,0.1,82.714,24.0, ,2.9266666666666663,Si, 
745,NiO,22.0,25.3,0.002,77.535,24.0,74.69279999999999, ,Ni,0.74
746,ZnO,20.0,-26.0,0.5,43.948,48.0,81.4084,2.545,Zn,0.88
747,Au,20.0,24.4,0.00196966569,94.177216,48.0,196.966569,2.54,Au, 
748,Ag,28.41,-33.33,1.422181672017595e-07,17.940199,72.0,107.8682,1.93,Ag,1.086666666666667
749,Ag,14.7,-20.0,1.541424434207729e-07,92.2003,24.0,107.8682,1.93,Ag,1.086666666666667
750,Au,21.7,-7.6,1.96966569e-06,91.451065,24.0,196.966569,2.54,Au, 
751,ZnO,30.0,-26.0,0.01,89.52,24.0,81.4084,2.545,Zn,0.88
752,SiO2,100.0,-35.9,0.05,20.841,24.0, ,2.9266666666666663,Si, 
753,Ag,28.41,-33.33,2.84436334403519e-07,5.9800663,72.0,107.8682,1.93,Ag,1.086666666666667
754,Au,65.0,24.4,0.02,77.333,96.0,196.966569,2.54,Au, 
755,Fe3O4,13.5,49.25722173011928,0.02315326,86.864334,48.0,231.5326,2.75,Fe,0.8525
756,Fe3O4,326.5,-23.5,4.0260775876441976e-10,85.534355,24.0,231.5326,2.75,Fe,0.8525
757,ZnO,60.0,-26.0,6.603381027018905e-08,4.0560975,24.0,81.4084,2.545,Zn,0.88
758,Au,90.0,24.4,0.025,13.226,48.0,196.966569,2.54,Au, 
759,TiO2,170.0,-17.6,1.8281667628513176e-10,19.69641,24.0,79.8658,2.806666666666666,Ti,0.8516666666666667
760,SiO2,375.4,-26.8,1.6989992033654775e-10,93.91304,12.0, ,2.9266666666666663,Si, 
761,Al2O3,28.0,8.667160493827168,1.864596723644476e-08,80.66091,24.0,101.9612772, ,Al,0.675
762,TiO2,42.3,-17.6,0.2,96.952,48.0,79.8658,2.806666666666666,Ti,0.8516666666666667
763,TiO2,50.0,-17.6,0.008,83.44,24.0,79.8658,2.806666666666666,Ti,0.8516666666666667
764,ZnO,24.0,43.8,1.678211577862886e-06,7.514677,48.0,81.4084,2.545,Zn,0.88
765,CuO,30.09,-39.67,0.0562,0.385,48.0,79.5454,2.67,Cu,0.82
766,TiO2,47.83,-17.6,1.0452099578621372e-08,94.1704035,24.0,79.8658,2.806666666666666,Ti,0.8516666666666667
767,TiO2,50.0,-17.6,5.7483413157686574e-08,169.91061,24.0,79.8658,2.806666666666666,Ti,0.8516666666666667
768,ZnO,165.0,-26.0,8.19587540268056e-14,93.477264,48.0,81.4084,2.545,Zn,0.88
769,CuO,239.0,-39.67,2.928483916027279e-12,33.08468000000001,12.0,79.5454,2.67,Cu,0.82
770,SiO2,120.0,-35.9,0.5,82.973,96.0, ,2.9266666666666663,Si, 
771,Pt,24.6,-8.0,0.02,99.06,6.0, , ,Pt,0.805
772,ZnO,141.0,-26.0,0.025,70.671,9.0,81.4084,2.545,Zn,0.88
773,ZnO,3.0,-26.0,0.407042,29.932598,24.0,81.4084,2.545,Zn,0.88
774,TiO2,20.0,-17.6,0.05,72.89,24.0,79.8658,2.806666666666666,Ti,0.8516666666666667
775,ZnO,100.0,-26.0,0.08,49.345,24.0,81.4084,2.545,Zn,0.88
776,Al2O3,13.0,8.667160493827168,1.0,78.212,48.0,101.9612772, ,Al,0.675
777,ZnO,141.0,-26.0,0.01,94.54,3.0,81.4084,2.545,Zn,0.88
778,C9H15N3O6,5.3,-42.0,2.612319e-07,88.44621,10.0,261.2319,2.597272727272728,C,0.3
779,ZnO,90.0,-26.0,0.01,27.99,24.0,81.4084,2.545,Zn,0.88
780,ZnO,94.5,-26.0,0.025,73.558,24.0,81.4084,2.545,Zn,0.88
781,Ag,28.41,-33.33,2.84436334403519e-07,0.8333333,48.0,107.8682,1.93,Ag,1.086666666666667
782,Fe3O4,36.0,49.25722173011928,7.508690494654784e-08,78.22526,24.0,231.5326,2.75,Fe,0.8525
783,TiO2,100.0,-17.6,0.00625,87.726,24.0,79.8658,2.806666666666666,Ti,0.8516666666666667
784,SiO2,199.89,-35.9,0.05,50.569,72.0, ,2.9266666666666663,Si, 
785,Cu2O,88.5,118.7302016664654,3.510314081414318e-09,93.416145,3.0,143.0914,2.4133333333333336,Cu,0.82
786,ZnO,60.0,-26.0,2.706257957900848e-07,1.8304514,24.0,81.4084,2.545,Zn,0.88
787,Au,50.0,24.4,0.015,68.782,24.0,196.966569,2.54,Au, 
788,C9H15N3O6,5.3,-42.0,2.612319e-07,88.44621,10.0,261.2319,2.597272727272728,C,0.3
789,ZnO,71.0,-26.0,0.01,88.254,48.0,81.4084,2.545,Zn,0.88
790,Fe3O4,145.8,17.7,1.4128925872589388e-10,76.949152,4.0,231.5326,2.75,Fe,0.8525
791,NiO,21.6,25.3,0.05,85.282,24.0,74.69279999999999, ,Ni,0.74
792,ZnO,60.0,-26.0,8.14084e-08,98.67841,48.0,81.4084,2.545,Zn,0.88
793,TiO2,150.0,-17.6,5.46872957491374e-12,92.4812,4.0,79.8658,2.806666666666666,Ti,0.8516666666666667
794,SiO2,115.0,-48.0,1.5021075e-07,99.8255736,96.0, ,2.9266666666666663,Si, 
795,Fe3O4,361.4,12.1,4.631182020934381e-12,92.11166,1.0,231.5326,2.75,Fe,0.8525
796,ZnO,100.0,-26.0,0.01,104.8,6.0,81.4084,2.545,Zn,0.88
797,CuO,28.2,-39.67,0.04,7.1739,48.0,79.5454,2.67,Cu,0.82
798,TiO2,25.0,-17.6,0.05,96.935,6.0,79.8658,2.806666666666666,Ti,0.8516666666666667
799,TiO2,20.0,-17.6,0.05,80.45,24.0,79.8658,2.806666666666666,Ti,0.8516666666666667
800,SiO2,14.23,-35.9,0.025,78.326,72.0, ,2.9266666666666663,Si, 
801,TiO2,25.0,-17.6,0.01,88.72,48.0,79.8658,2.806666666666666,Ti,0.8516666666666667
802,Fe3O4,361.4,12.1,4.631182020934381e-12,93.644055,4.0,231.5326,2.75,Fe,0.8525
803,TiO2,21.0,-17.6,0.02,107.08,24.0,79.8658,2.806666666666666,Ti,0.8516666666666667
804,Fe3O4,361.4,12.1,4.631182020934381e-12,23.12519,72.0,231.5326,2.75,Fe,0.8525
805,Co3O4,78.3,45.31207623750339,0.05,114.1,48.0,240.797185,2.771428571428572,Co,0.7683333333333334
806,Fe3O4,13.5,49.25722173011928,2.315326e-05,99.98777,48.0,231.5326,2.75,Fe,0.8525
807,SiO2,29.5,-35.9,6.979248689162231e-06,12.972973,4.0, ,2.9266666666666663,Si, 
808,C9H15N3O6,3.6,-27.0,2.612319e-07,63.346615,10.0,261.2319,2.597272727272728,C,0.3
809,SiO2,100.33,-35.9,0.5,64.477,24.0, ,2.9266666666666663,Si, 
810,ZnO,20.0,-26.0,0.8140839999999999,12.875537,24.0,81.4084,2.545,Zn,0.88
811,NiO,22.0,25.3,0.01,53.017,24.0,74.69279999999999, ,Ni,0.74
812,SiO2,100.33,-35.9,0.01,89.826,24.0, ,2.9266666666666663,Si, 
813,Au,25.0,24.4,2.069265452158231e-07,62.41379,48.0,196.966569,2.54,Au, 
814,ZnO,100.0,-26.0,0.03,68.577,6.0,81.4084,2.545,Zn,0.88
815,Au,60.0,24.4,0.0008,56.845,24.0,196.966569,2.54,Au, 
816,CuO,239.0,-39.67,2.9284839160272786e-11,5.736289999999997,24.0,79.5454,2.67,Cu,0.82
817,CuO,28.0,-39.67,0.2,48.952,48.0,79.5454,2.67,Cu,0.82
818,Fe3O4,326.5,-23.5,2.0130387938220988e-10,88.08567,48.0,231.5326,2.75,Fe,0.8525
819,ZnO,165.0,-26.0,2.0489688506701408e-10,6.506024,48.0,81.4084,2.545,Zn,0.88
820,Au,30.0,24.4,0.001,96.701,48.0,196.966569,2.54,Au, 
821,TiO2,50.0,-17.6,0.0008,96.91,6.0,79.8658,2.806666666666666,Ti,0.8516666666666667
822,Au,18.0,24.4,0.0025,80.025,24.0,196.966569,2.54,Au, 
823,NiO,21.6,25.3,0.05,59.518,24.0,74.69279999999999, ,Ni,0.74
824,SiO2,12.0,-35.9,0.2,26.061,24.0, ,2.9266666666666663,Si, 
825,SiO2,21.06,-35.9,0.1,55.172,72.0, ,2.9266666666666663,Si, 
826,ZnO,273.4,-11.7,0.08,-3.8739, ,81.38,1.65,Zn,74.0
827,ZnO,639.0,-26.0,1.763821445214678e-13,97.75281,24.0,81.4084,2.545,Zn,0.88
828,ZnO,94.5,-26.0,0.05,29.487,24.0,81.4084,2.545,Zn,0.88
829,C56H103N9O39,122.0,26.5,7.881884480451593e-06,50.0,4.0,1526.45392,2.564830917874396,C,0.3
830,TiO2,124.9,-17.6,2.458521360223581e-13,97.85714,48.0,79.8658,2.806666666666666,Ti,0.8516666666666667
831,Cu2O,88.5,118.7302016664654,3.760076999485918e-09,103.354034,3.0,143.0914,2.4133333333333336,Cu,0.82
832,SiO2,21.06,-35.9,0.1,55.172,72.0, ,2.9266666666666663,Si, 
833,Fe3O4,361.4,12.1,3.710883029594856e-11,50.56818,168.0,231.5326,2.75,Fe,0.8525
834,Pt,13.5,-8.0,2.93078455103354e-07,99.79081,24.0, , ,Pt,0.805
835,TiO2,420.7,-9.96,6.433447554951843e-11,120.27379,3.0,79.8658,2.806666666666666,Ti,0.8516666666666667
836,CeO2,12.5,20.020605822958544,0.025,95.414,24.0,172.1148,2.6666666666666665,Ce,1.08
837,Ag,28.41,-33.33,2.133272508026393e-07,13.016949,24.0,107.8682,1.93,Ag,1.086666666666667
838,Al2O3,239.0,8.667160493827168,5.996465006486421e-12,37.112904,12.0,101.9612772, ,Al,0.675
839,TiO2,15.84,-17.6,0.03,25.4,48.0,79.8658,2.806666666666666,Ti,0.8516666666666667
840,SiO2,60.0,-30.0,1.5021075e-07,101.3927277,96.0, ,2.9266666666666663,Si, 
841,Fe3O4,42.5,49.25722173011928,0.02,96.711,12.0,231.5326,2.75,Fe,0.8525
842,SiO2,14.0,-35.9,3.930729146901029e-07,107.182915,24.0, ,2.9266666666666663,Si, 
843,ZnO,60.0,-26.0,1.574917970775073e-11,80.81022,4.0,81.4084,2.545,Zn,0.88
844,SiO2,369.0,79.0,1.07336673543553e-10,59.47644,24.0, ,2.9266666666666663,Si, 
845,TiO2,6.0,-17.6,0.025,92.047,24.0,79.8658,2.806666666666666,Ti,0.8516666666666667
846,ZnO,45.3,-26.0,0.001,98.355,12.0,81.4084,2.545,Zn,0.88
847,ZnO,165.0,-26.0,2.0489688506701408e-10,34.67651,48.0,81.4084,2.545,Zn,0.88
848,Fe3O4,326.5,-23.5,4.0260775876441976e-12,87.291214,24.0,231.5326,2.75,Fe,0.8525
849,Fe3O4,361.4,12.1,9.27720757398714e-12,75.568184,120.0,231.5326,2.75,Fe,0.8525
850,ZnO,100.0,-26.0,0.025,72.53,6.0,81.4084,2.545,Zn,0.88
851,Ag,28.41,-33.33,8.533090032105572e-08,50.833332,24.0,107.8682,1.93,Ag,1.086666666666667
852,TiO2,38.0,-17.6,1.091240621311237e-07,88.36364,24.0,79.8658,2.806666666666666,Ti,0.8516666666666667
853,Ag,28.41,-33.33,1.422181672017595e-06,23.25733,48.0,107.8682,1.93,Ag,1.086666666666667
854,SiO2,59.72,-35.9,0.1,49.886,72.0, ,2.9266666666666663,Si, 
855,TiO2,81.8,-17.6,0.1,11.51,48.0,79.8658,2.806666666666666,Ti,0.8516666666666667
856,SiO2,100.33,-35.9,0.05,58.161,72.0, ,2.9266666666666663,Si, 
857,Ag,28.41,-33.33,2.84436334403519e-08,15.833333,72.0,107.8682,1.93,Ag,1.086666666666667
858,TiO2,60.0,-17.6,0.05,44.9,24.0,79.8658,2.806666666666666,Ti,0.8516666666666667
859,Fe3O4,145.8,17.7,2.8257851745178776e-10,65.93220500000001,24.0,231.5326,2.75,Fe,0.8525
860,CuO,10.0,-39.67,0.025,84.768,24.0,79.5454,2.67,Cu,0.82
861,Fe3O4,957.0,49.25722173011928,1.59880642016515e-15,99.20229125,12.0,231.5326,2.75,Fe,0.8525
862,ZnO,30.0,-26.0,0.05,59.971,24.0,81.4084,2.545,Zn,0.88
863,TiO2,38.0,-17.6,1.0912406213112371e-09,99.818184,24.0,79.8658,2.806666666666666,Ti,0.8516666666666667
864,Fe3O4,361.4,12.1,9.27720757398714e-12,97.551163,24.0,231.5326,2.75,Fe,0.8525
865,SiO2,30.0,-35.9,0.01,91.59,24.0, ,2.9266666666666663,Si, 
866,TiO2,24.59,-17.6,0.1,11.425,48.0,79.8658,2.806666666666666,Ti,0.8516666666666667
867,Pt,13.5,-40.5,1.172313820413416e-06,69.75,24.0, , ,Pt,0.805
868,CuO,52.51,-39.67,6.9032006960479404e-09,68.67281,24.0,79.5454,2.67,Cu,0.82
869,ZnO,165.0,-26.0,8.195875402680565e-13,88.19277,24.0,81.4084,2.545,Zn,0.88
870,SiO2,437.0,21.7,2.154079188530087e-10,74.347824,12.0, ,2.9266666666666663,Si, 
871,CuO,23.0,-39.67,0.015,31.441,24.0,79.5454,2.67,Cu,0.82
872,SiO2,100.33,-35.9,0.2,65.757,24.0, ,2.9266666666666663,Si, 
873,SiO2,96.0,-11.0,3.250964740998874e-09,96.585365,24.0, ,2.9266666666666663,Si, 
874,CeO2,20.3,20.020605822958544,6.823536040955313e-06,97.53237,24.0,172.1148,2.6666666666666665,Ce,1.08
875,CuO,52.51,-39.67,0.05,48.0,24.0,79.5454,2.67,Cu,0.82
876,Fe3O4,957.0,49.25722173011928,1.59880642016515e-15,99.20229125,12.0,231.5326,2.75,Fe,0.8525
877,Ag,36.4,-23.1,9.137188863135807e-10,85.84981,48.0,107.8682,1.93,Ag,1.086666666666667
878,SiO2,10.0,-35.9,0.1,22.294,24.0, ,2.9266666666666663,Si, 
879,ZnO,165.0,-26.0,8.19587540268056e-14,99.75903,24.0,81.4084,2.545,Zn,0.88
880,Ag,36.4,-23.1,3.648107257207556e-09,77.49469,24.0,107.8682,1.93,Ag,1.086666666666667
881,TiO2,11.69,-17.6,8.948931026692626e-08,99.10313904,24.0,79.8658,2.806666666666666,Ti,0.8516666666666667
882,Fe3O4,28.33,49.25722173011928,0.01,48.87,48.0,231.5326,2.75,Fe,0.8525
883,Fe3O4,361.4,12.1,1.855441514797428e-11,93.995932,1.0,231.5326,2.75,Fe,0.8525
884,C56H103N9O39,155.0,28.8,3.957485008076805e-06,50.0,4.0,1526.45392,2.564830917874396,C,0.3
885,Fe3O4,145.8,17.7,5.651570349035752e-10,46.02516,168.0,231.5326,2.75,Fe,0.8525
886,TiO2,420.7,-9.96,4.825085666213883e-11,106.34462,6.0,79.8658,2.806666666666666,Ti,0.8516666666666667
887,CuO,239.0,-39.67,1.46424195801364e-10,13.483146,24.0,79.5454,2.67,Cu,0.82
888,Cu2O,88.5,118.7302016664654,3.760076890371208e-11,95.403725,24.0,143.0914,2.4133333333333336,Cu,0.82
889,Ag,36.4,-23.1,3.648107257207556e-09,84.273,48.0,107.8682,1.93,Ag,1.086666666666667
890,SiO2,59.72,-35.9,0.2,31.435,72.0, ,2.9266666666666663,Si, 
891,TiO2,47.83,-17.6,5.226049789310685e-09,94.618834,24.0,79.8658,2.806666666666666,Ti,0.8516666666666667
892,Au,215.0,24.4,0.0025,44.329,24.0,196.966569,2.54,Au, 
893,Ag,28.41,-33.33,1.422181672017595e-07,17.021276,72.0,107.8682,1.93,Ag,1.086666666666667
894,CeO2,25.0,20.020605822958544,0.025,102.01,24.0,172.1148,2.6666666666666665,Ce,1.08
895,TiO2,47.83,-17.6,1.0452099578621372e-08,100.0,24.0,79.8658,2.806666666666666,Ti,0.8516666666666667
896,TiO2,25.0,-17.6,0.001,100.97,6.0,79.8658,2.806666666666666,Ti,0.8516666666666667
897,SiO2,13.0,-27.0,0.0032729239202234,82.70829,24.0, ,2.9266666666666663,Si, 
898,NiO,22.0,25.3,0.01,58.779,24.0,74.69279999999999, ,Ni,0.74
899,Ag,28.41,-33.33,1.422181672017595e-07,17.940199,72.0,107.8682,1.93,Ag,1.086666666666667
900,Fe3O4,28.33,49.25722173011928,0.05,87.538,6.0,231.5326,2.75,Fe,0.8525
901,ZnO,100.0,-26.0,0.01,79.249,24.0,81.4084,2.545,Zn,0.88
902,SiO2,15.0,-35.9,0.005,89.58,24.0, ,2.9266666666666663,Si, 
903,TiO2,115.0,-17.6,1.574844885282227e-09,99.42357,24.0,79.8658,2.806666666666666,Ti,0.8516666666666667
904,C56H103N9O39,188.0,34.6,9.714036309847143e-07,95.41284,4.0,1526.45392,2.564830917874396,C,0.3
905,SiO2,100.33,-35.9,0.2,30.244,24.0, ,2.9266666666666663,Si, 
906,Fe3O4,361.4,12.1,9.27720757398714e-12,93.75041,72.0,231.5326,2.75,Fe,0.8525
907,ZnO,141.0,-26.0,0.0125,80.655,9.0,81.4084,2.545,Zn,0.88
908,Cu2O,88.5,118.7302016664654,3.510314081414318e-09,93.416145,3.0,143.0914,2.4133333333333336,Cu,0.82
909,ZnO,165.0,-26.0,8.195875402680565e-13,97.6419,3.0,81.4084,2.545,Zn,0.88
910,SiO2,437.0,21.7,2.688290827285549e-11,114.13043,12.0, ,2.9266666666666663,Si, 
911,ZnO,94.5,-26.0,0.01,57.358,24.0,81.4084,2.545,Zn,0.88
912,Pt,13.5,-40.5,1.172313820413416e-06,38.01242,48.0, , ,Pt,0.805
913,TiO2,100.0,-17.6,5.987855537259018e-09,92.93233,3.0,79.8658,2.806666666666666,Ti,0.8516666666666667
914,CdO,179.3,88.18023735375812,8.668671717265823e-10,1.1455847,24.0, ,2.565,Cd,1.09
915,Ag,28.41,-33.33,2.84436334403519e-07,9.1694355,48.0,107.8682,1.93,Ag,1.086666666666667
916,SiO2,100.0,-35.9,0.01,94.15,24.0, ,2.9266666666666663,Si, 
917,Cu2O,88.5,118.7302016664654,3.633050017893904e-08,23.354036,24.0,143.0914,2.4133333333333336,Cu,0.82
918,Fe3O4,145.8,17.7,5.651570349035752e-10,46.02516,168.0,231.5326,2.75,Fe,0.8525
919,Au,25.0,24.4,2.069265452158232e-09,80.0,48.0,196.966569,2.54,Au, 
920,Pt,13.5,-8.0,1.172313820413416e-06,85.4054,48.0, , ,Pt,0.805
921,ZnO,100.0,-26.0,0.01,96.288,48.0,81.4084,2.545,Zn,0.88
922,Cu2O,88.5,118.7302016664654,1.0911471068582931e-08,11.851851,3.0,143.0914,2.4133333333333336,Cu,0.82
923,ZnO,639.0,-26.0,1.763821445214678e-13,68.47332,24.0,81.4084,2.545,Zn,0.88
924,ZnO,60.0,-26.0,1.6496460443496282e-08,25.90524,24.0,81.4084,2.545,Zn,0.88
925,Cu2O,88.5,118.7302016664654,3.633049908779193e-10,119.25466,3.0,143.0914,2.4133333333333336,Cu,0.82
926,Al2O3,239.0,8.667160493827168,5.996465006486421e-12,97.75281,24.0,101.9612772, ,Al,0.675
927,Au,33.69,24.4,0.004,92.308,96.0,196.966569,2.54,Au, 
928,Au,6.0,24.4,0.05,78.221,24.0,196.966569,2.54,Au, 
929,Fe3O4,361.4,12.1,4.631182020934381e-12,93.644055,4.0,231.5326,2.75,Fe,0.8525
930,C56H103N9O39,265.0,25.4,4.85583235046566e-07,67.522934,4.0,1526.45392,2.564830917874396,C,0.3
931,TiO2,20.0,-17.6,0.1,61.4,24.0,79.8658,2.806666666666666,Ti,0.8516666666666667
932,Ag,20.0, ,0.5,-3.7801,48.0, , , , 
933,SiO2,199.89,-35.9,0.05,55.172,72.0, ,2.9266666666666663,Si, 
934,Au,215.0,24.4,0.0025,76.691,24.0,196.966569,2.54,Au, 
935,CuO,46.3,-39.67,1e-05,99.672,24.0,79.5454,2.67,Cu,0.82
936,C56H103N9O39,240.0,43.9,3.501876360407152e-07,89.0393,24.0,1526.45392,2.564830917874396,C,0.3
937,Fe3O4,361.4,12.1,7.421766059189711e-11,91.689825,72.0,231.5326,2.75,Fe,0.8525
938,Al2O3,239.0,8.667160493827168,5.99646500648642e-10,26.55242,24.0,101.9612772, ,Al,0.675
939,Fe3O4,361.4,12.1,3.710883029594856e-11,56.497173,24.0,231.5326,2.75,Fe,0.8525
940,SiO2,14.0,-35.9,3.9307291469010295e-08,20.221264,24.0, ,2.9266666666666663,Si, 
941,Cu2O,88.5,118.7302016664654,1.0911471068582931e-08,17.777779,24.0,143.0914,2.4133333333333336,Cu,0.82
942,TiO2,150.0,-17.6,3.5399533070634555e-10,94.23559,24.0,79.8658,2.806666666666666,Ti,0.8516666666666667
943,ZnO,100.0,-26.0,0.015,72.134,48.0,81.4084,2.545,Zn,0.88
944,CuO,52.51,-39.67,0.05,46.0,24.0,79.5454,2.67,Cu,0.82
945,TiO2,50.0,-17.6,2.8741706578843293e-08,18.892702,24.0,79.8658,2.806666666666666,Ti,0.8516666666666667
946,Au,6.3,24.4,0.005,103.26,24.0,196.966569,2.54,Au, 
947,Fe3O4,145.8,17.7,1.130314069807151e-09,26.200872,72.0,231.5326,2.75,Fe,0.8525
948,Fe3O4,28.33,49.25722173011928,0.01,94.302,6.0,231.5326,2.75,Fe,0.8525
949,ZnO,24.0,-44.6,1.664537072901585e-06,11.976517,48.0,81.4084,2.545,Zn,0.88
950,Au,6.3,24.4,0.0012,99.112,24.0,196.966569,2.54,Au, 
951,Pt,13.5,-40.5,4.689255281653665e-06,16.234066,48.0, , ,Pt,0.805
952,CuO,30.09,-39.67,0.0316,1.1561,48.0,79.5454,2.67,Cu,0.82
953,Fe3O4,145.8,17.7,2.8257851745178776e-10,125.0,72.0,231.5326,2.75,Fe,0.8525
954,ZnO,100.0,-26.0,0.025,76.856,6.0,81.4084,2.545,Zn,0.88
955,TiO2,38.0,-17.6,1.0912406213112371e-09,98.72727,24.0,79.8658,2.806666666666666,Ti,0.8516666666666667
956,ZnO,173.48,-26.0,0.1,35.084,24.0,81.4084,2.545,Zn,0.88
957,ZnO,100.0,-26.0,0.025,14.625,24.0,81.4084,2.545,Zn,0.88
958,Fe3O4,361.4,12.1,4.631182020934381e-12,69.88636,168.0,231.5326,2.75,Fe,0.8525
959,Ag,28.41,-33.33,3.555454180043988e-08,104.42997,48.0,107.8682,1.93,Ag,1.086666666666667
960,Fe3O4,957.0,49.25722173011928,1.59880642016515e-14,97.75281,24.0,231.5326,2.75,Fe,0.8525
961,SiO2,50.0,-35.9,0.0125,94.403,24.0, ,2.9266666666666663,Si, 
962,Fe3O4,274.1,-27.7,3.402315585404808e-11,77.617546,24.0,231.5326,2.75,Fe,0.8525
963,Fe3O4,145.8,17.7,1.130314069807151e-09,0.8414183,168.0,231.5326,2.75,Fe,0.8525
964,Au,25.0,24.4,0.01,15.013,4.0,196.966569,2.54,Au, 
965,CuO,46.3,-39.67,0.02,45.215,12.0,79.5454,2.67,Cu,0.82
966,Fe3O4,361.4,12.1,9.27720757398714e-12,93.199493,4.0,231.5326,2.75,Fe,0.8525
967,SiO2, , ,1.0,85775.0,24.0, , , , 
968,Au,65.0,24.4,0.0002,77.333,96.0,196.966569,2.54,Au, 
969,Fe3O4,361.4,12.1,4.631182020934381e-12,93.6327133,4.0,231.5326,2.75,Fe,0.8525
970,Fe3O4,196.4,49.25722173011928,1.849725341605939e-09,98.21391782,24.0,231.5326,2.75,Fe,0.8525
971,MnO,14.0,79.47903071527261,7.633750982421941e-06,60.414936,48.0,70.937445, ,Mn,0.6483333333333333
972,ZnO,45.3,-26.0,1e-05,97.368,12.0,81.4084,2.545,Zn,0.88
973,Fe3O4,36.0,49.25722173011928,7.508690494654784e-08,78.22526,24.0,231.5326,2.75,Fe,0.8525
974,Au,6.0,24.4,0.1,69.675,24.0,196.966569,2.54,Au, 
975,Fe3O4,361.4,12.1,9.27720757398714e-12,88.25786,72.0,231.5326,2.75,Fe,0.8525
976,ZnO,165.0,-26.0,5.122422126675351e-11,104.363815,3.0,81.4084,2.545,Zn,0.88
977,SiO2,21.06,-35.9,0.5,17.007,72.0, ,2.9266666666666663,Si, 
978,SiO2,199.89,-35.9,0.05,29.252,72.0, ,2.9266666666666663,Si, 
979,Fe3O4,46.8,49.25722173011928,0.001,100.33,12.0,231.5326,2.75,Fe,0.8525
980,C56H103N9O39,40.0,34.6,0.02,30.581,36.0,1526.45392,2.564830917874396,C,0.3
981,SiO2,15.0,-35.9,0.1,58.048,72.0, ,2.9266666666666663,Si, 
982,Fe3O4,14.0,49.25722173011928,2.553392592701264e-05,76.34855,48.0,231.5326,2.75,Fe,0.8525
983,Pt,13.5,-40.5,4.689255281653665e-06,14.784703,72.0, , ,Pt,0.805
984,ZnO,100.0,-26.0,0.035,56.769,3.0,81.4084,2.545,Zn,0.88
985,TiO2,38.0,-17.6,1.0912406213112371e-09,98.72727,24.0,79.8658,2.806666666666666,Ti,0.8516666666666667
986,Au,25.0,24.4,1.034632726079116e-07,66.206894,48.0,196.966569,2.54,Au, 
987,SiO2,20.0,-35.9,0.00625,87.687,24.0, ,2.9266666666666663,Si, 
988,Ag,28.41,-33.33,7.110908360087976e-08,68.40391,24.0,107.8682,1.93,Ag,1.086666666666667
989,ZnO,141.0,-26.0,0.025,15.736,24.0,81.4084,2.545,Zn,0.88
990,TiO2,150.0,-17.6,2.158652437067873e-11,90.97744,24.0,79.8658,2.806666666666666,Ti,0.8516666666666667
991,Au,6.3,24.4,0.0012,99.494,24.0,196.966569,2.54,Au, 
992,Al2O3,28.0,8.667160493827168,0.025,74.506,24.0,101.9612772, ,Al,0.675
993,SiO2,120.0,-35.9,0.5,83.333,96.0, ,2.9266666666666663,Si, 
994,TiO2,35.0,-17.6,6.982921909339963e-08,87.06105,4.0,79.8658,2.806666666666666,Ti,0.8516666666666667
995,CuO,46.3,-39.67,0.02,45.215,12.0,79.5454,2.67,Cu,0.82
996,TiO2,420.7,-9.96,9.650171332427764e-11,123.90859,3.0,79.8658,2.806666666666666,Ti,0.8516666666666667
997,Al2O3,39.7,8.667160493827168,0.005,95.38,12.0,101.9612772, ,Al,0.675
998,Ag,27.02,-18.4,4.467769040041691e-09,77.62712,48.0,107.8682,1.93,Ag,1.086666666666667
999,Fe3O4,361.4,12.1,9.27720757398714e-12,97.551163,24.0,231.5326,2.75,Fe,0.8525
1000,TiO2,38.0,-17.6,5.456203106556184e-08,81.27273,24.0,79.8658,2.806666666666666,Ti,0.8516666666666667
1001,Fe3O4,361.4,12.1,9.27720757398714e-12,37.288136,72.0,231.5326,2.75,Fe,0.8525
1002,Pt,13.5,-8.0,4.689255281653665e-06,57.2973,24.0, , ,Pt,0.805
1003,CuO,22.83,-39.67,0.002,83.404,24.0,79.5454,2.67,Cu,0.82
1004,SiO2,199.89,-35.9,0.2,22.676,72.0, ,2.9266666666666663,Si, 
1005,Fe3O4,12.5,49.25722173011928,7.174665496957201e-05,49.814953,28.0,231.5326,2.75,Fe,0.8525
1006,Fe3O4,361.4,12.1,7.421766059189711e-11,93.133453,1.0,231.5326,2.75,Fe,0.8525
1007,TiO2,6.0,-17.6,0.1,87.31,24.0,79.8658,2.806666666666666,Ti,0.8516666666666667
1008,SiO2,20.0,-35.9,0.00625,87.687,24.0, ,2.9266666666666663,Si, 
1009,CuO,30.0,-39.67,0.005,65.564,48.0,79.5454,2.67,Cu,0.82
1010,ZnO,24.0,43.8,1.664537072901585e-09,100.03914,48.0,81.4084,2.545,Zn,0.88
1011,Au,21.7,-7.6,0.0001575732552,71.33922,24.0,196.966569,2.54,Au, 
1012,SiO2,100.33,-35.9,0.5,55.862,72.0, ,2.9266666666666663,Si, 
1013,C56H103N9O39,159.0,30.5,2.617778481484291e-06,80.0,4.0,1526.45392,2.564830917874396,C,0.3
1014,CuO,55.8,-39.67,0.01,86.01,24.0,79.5454,2.67,Cu,0.82
1015,Au,270.0,24.4,0.005,93.162,48.0,196.966569,2.54,Au, 
1016,C9H15N3O6,3.6,-27.0,2.612319e-07,54.281517,7.0,261.2319,2.597272727272728,C,0.3
1017,ZnO,100.0,-26.0,0.035,9.6838,24.0,81.4084,2.545,Zn,0.88
1018,TiO2,124.9,-17.6,2.458521360223581e-11,88.25397,24.0,79.8658,2.806666666666666,Ti,0.8516666666666667
1019,TiO2,50.0,-17.6,8e-05,99.344,6.0,79.8658,2.806666666666666,Ti,0.8516666666666667
1020,ZnO,100.0,-26.0,0.015,100.44,48.0,81.4084,2.545,Zn,0.88
1021,C56H103N9O39,360.0,47.0,1.037592995676194e-07,78.034935,24.0,1526.45392,2.564830917874396,C,0.3
1022,MgO,639.0,-7.01,6.84207292430696e-13,32.56693,24.0,40.3044,2.375,Mg, 
1023,TiO2,38.0,-17.6,1.091240621311237e-07,98.181816,24.0,79.8658,2.806666666666666,Ti,0.8516666666666667
1024,SiO2,386.9,-35.9,4.842107030923417e-12,120.70175,24.0, ,2.9266666666666663,Si, 
1025,Ag,28.41,-33.33,2.133272508026393e-07,0.41666666,48.0,107.8682,1.93,Ag,1.086666666666667
1026,TiO2,38.0,-17.6,1.091240621311237e-07,88.36364,24.0,79.8658,2.806666666666666,Ti,0.8516666666666667
1027,TiO2,100.0,-17.6,5.987855537259018e-09,92.59,3.0,79.8658,2.806666666666666,Ti,0.8516666666666667
1028,SiO2,100.33,-35.9,0.05,54.214,72.0, ,2.9266666666666663,Si, 
1029,Al2O3,239.0,8.667160493827168,1.199293001297284e-10,32.23548,24.0,101.9612772, ,Al,0.675
1030,ZnO,75.0,-26.0,1.3635887701209781e-08,95.502396,3.0,81.4084,2.545,Zn,0.88
1031,ZnO,165.0,-26.0,5.122422126675351e-11,69.57309,48.0,81.4084,2.545,Zn,0.88
1032,ZnO,100.0,-26.0,0.035,56.769,3.0,81.4084,2.545,Zn,0.88
1033,Fe3O4,145.8,17.7,5.651570349035752e-10,85.48387,72.0,231.5326,2.75,Fe,0.8525
1034,ZnO,24.0,-44.6,1.664537072901585e-09,91.11546,48.0,81.4084,2.545,Zn,0.88
1035,Cu2O,88.5,118.7302016664654,1.1298865390519259e-10,93.1217,24.0,143.0914,2.4133333333333336,Cu,0.82
1036,Fe3O4,28.33,49.25722173011928,0.1,63.478,48.0,231.5326,2.75,Fe,0.8525
1037,Au,33.69,24.4,0.0002,108.99,24.0,196.966569,2.54,Au, 
1038,SiO2,14.23,-35.9,0.005,95.0,72.0, ,2.9266666666666663,Si, 
1039,SiO2,199.89,-35.9,0.01,42.177,72.0, ,2.9266666666666663,Si, 
1040,SiO2,437.0,21.7,1.077039594265044e-10,106.95652,12.0, ,2.9266666666666663,Si, 
1041,Ag,28.41,-33.33,2.84436334403519e-07,36.25,24.0,107.8682,1.93,Ag,1.086666666666667
1042,Ag,28.41,-33.33,8.533090032105572e-08,2.0833333,72.0,107.8682,1.93,Ag,1.086666666666667
1043,Cu2O,88.5,118.7302016664654,1.0911471068582931e-08,11.428572,3.0,143.0914,2.4133333333333336,Cu,0.82
1044,SiO2,15.0,-35.9,0.02,30.713,24.0, ,2.9266666666666663,Si, 
1045,Fe3O4,36.0,49.25722173011928,3.003476197861912e-08,86.00683,24.0,231.5326,2.75,Fe,0.8525
1046,TiO2,160.5,-27.8,1.158607114001462e-09,107.2,3.0,79.8658,2.806666666666666,Ti,0.8516666666666667
1047,ZnO,165.0,-26.0,5.122422126675351e-11,92.463264,6.0,81.4084,2.545,Zn,0.88
1048,SiO2,15.0,-35.9,0.08,7.6782,24.0, ,2.9266666666666663,Si, 
1049,Co3O4,200.0,45.31207623750339,1.184606755286592e-09,79.655174,24.0,240.797185,2.771428571428572,Co,0.7683333333333334
1050,CuO,40.0,-39.67,0.025,114.06,24.0,79.5454,2.67,Cu,0.82
1051,SiO2,20.0,-35.9,0.75,56.425,48.0, ,2.9266666666666663,Si, 
1052,Fe3O4,957.0,49.25722173011928,1.59880642016515e-12,89.88764,24.0,231.5326,2.75,Fe,0.8525
1053,TiO2,25.0,-17.6,0.1,95.161,6.0,79.8658,2.806666666666666,Ti,0.8516666666666667
1054,Au,6.0,24.4,0.1,72.85,24.0,196.966569,2.54,Au, 
1055,Fe3O4,957.0,49.25722173011928,1.59880642016515e-14,97.75281,24.0,231.5326,2.75,Fe,0.8525
1056,Fe3O4,145.8,17.7,1.4128925872589388e-10,117.90393,72.0,231.5326,2.75,Fe,0.8525
1057,ZnO,94.5,-26.0,0.08,24.582,24.0,81.4084,2.545,Zn,0.88
1058,SiO2,199.89,-35.9,0.2,50.797,72.0, ,2.9266666666666663,Si, 
1059,Pt,24.6,-8.0,0.02,91.798,24.0, , ,Pt,0.805
1060,CuO,40.0,-39.67,0.025,75.332,48.0,79.5454,2.67,Cu,0.82
1061,TiO2,81.8,-17.6,0.003,90.201,48.0,79.8658,2.806666666666666,Ti,0.8516666666666667
1062,CuO,33.0,-39.67,7.954540000000001e-06,59.056118,48.0,79.5454,2.67,Cu,0.82
1063,TiO2,100.0,-17.6,1.496963884314754e-09,85.19,3.0,79.8658,2.806666666666666,Ti,0.8516666666666667
1064,ZnO,112.0,-26.0,1.310276996161598e-09,69.632324,24.0,81.4084,2.545,Zn,0.88
1065,TiO2,11.69,-17.6,2.86365792854164e-06,93.2735424,24.0,79.8658,2.806666666666666,Ti,0.8516666666666667
1066,Ag,28.41,-33.33,2.133272508026393e-07,13.016949,24.0,107.8682,1.93,Ag,1.086666666666667
1067,Fe3O4,28.33,49.25722173011928,0.05,74.783,48.0,231.5326,2.75,Fe,0.8525
1068,SiO2,14.23,-35.9,0.2,58.848,72.0, ,2.9266666666666663,Si, 
1069,C23H40N2O18,95.5,-9.8,5.455137281889776e-06,63.0,24.0,632.5663,2.5861445783132533,C,0.3
1070,Al2O3,39.7,8.667160493827168,0.02,91.803,24.0,101.9612772, ,Al,0.675
1071,Fe3O4,28.33,49.25722173011928,0.01,85.385,6.0,231.5326,2.75,Fe,0.8525
1072,CuO,30.0,-39.67,0.03,56.42,24.0,79.5454,2.67,Cu,0.82
1073,Fe3O4,145.8,17.7,2.8257851745178776e-10,49.74576,72.0,231.5326,2.75,Fe,0.8525
1074,TiO2,81.8,-17.6,0.01,78.733,48.0,79.8658,2.806666666666666,Ti,0.8516666666666667
1075,ZnO,50.0,-26.0,0.01,15.152,24.0,81.4084,2.545,Zn,0.88
1076,MgO,639.0,-7.01,1.368414584861392e-15,46.819355,12.0,40.3044,2.375,Mg, 
1077,Fe3O4,361.4,12.1,3.710883029594856e-11,50.56818,168.0,231.5326,2.75,Fe,0.8525
1078,Fe3O4,361.4,12.1,7.421766059189711e-11,32.954544,168.0,231.5326,2.75,Fe,0.8525
1079,Co3O4,78.3,45.31207623750339,0.1,12.063,48.0,240.797185,2.771428571428572,Co,0.7683333333333334
1080,CuO,52.51,-39.67,1.3806401392095881e-08,45.37968,24.0,79.5454,2.67,Cu,0.82
1081,Au,33.69,24.4,0.0002,78.632,96.0,196.966569,2.54,Au, 
1082,CuO,30.0,-39.67,0.0005,104.67,48.0,79.5454,2.67,Cu,0.82
1083,ZnO,141.0,-26.0,0.025,70.671,9.0,81.4084,2.545,Zn,0.88
1084,Al2O3,239.0,8.667160493827168,1.199293001297284e-10,92.134834,24.0,101.9612772, ,Al,0.675
1085,TiO2,100.0,-17.6,5.987855537259018e-09,92.59,3.0,79.8658,2.806666666666666,Ti,0.8516666666666667
1086,Pt,13.5,-8.0,5.861569102067081e-07,88.28829,72.0, , ,Pt,0.805
1087,Au,21.7,-7.6,9.84832845e-06,94.153275,24.0,196.966569,2.54,Au, 
1088,ZnO,8.0,-26.0,0.203521,64.34109,24.0,81.4084,2.545,Zn,0.88
1089,CuO,52.51,-39.67,2.761280278419176e-09,74.58716,24.0,79.5454,2.67,Cu,0.82
1090,MgO,39.2,-7.01,1e-05,100.0,12.0,40.3044,2.375,Mg, 
1091,Fe3O4,361.4,12.1,3.710883029594856e-11,50.56818,168.0,231.5326,2.75,Fe,0.8525
1092,CuO,46.3,-39.67,0.01,63.366,12.0,79.5454,2.67,Cu,0.82
1093,SiO2,199.89,-35.9,0.05,50.569,72.0, ,2.9266666666666663,Si, 
1094,ZnO,100.0,-26.0,0.08,30.435,6.0,81.4084,2.545,Zn,0.88
1095,Fe3O4,145.8,17.7,1.130314069807151e-09,39.68158,168.0,231.5326,2.75,Fe,0.8525
1096,Al2O3,13.0,8.667160493827168,0.2,54.026,24.0,101.9612772, ,Al,0.675
1097,Pt,24.6,-8.0,0.36,78.17,24.0, , ,Pt,0.805
1098,TiO2,100.0,-17.6,5.987855537259018e-09,100.0,3.0,79.8658,2.806666666666666,Ti,0.8516666666666667
1099,SiO2,14.23,-35.9,0.2,58.848,72.0, ,2.9266666666666663,Si, 
1100,ZnO,67.0,45.2,1.91268211979129e-08,10.097847,48.0,81.4084,2.545,Zn,0.88
1101,ZnO,60.0,-26.0,8.14084e-08,100.693115,48.0,81.4084,2.545,Zn,0.88
1102,TiO2,25.0,-17.6,0.01,92.19,24.0,79.8658,2.806666666666666,Ti,0.8516666666666667
1103,Au,30.0,24.4,0.025,5.4569,72.0,196.966569,2.54,Au, 
1104,Ag,27.02,-18.4,2.2305750614726665e-08,5.084746,48.0,107.8682,1.93,Ag,1.086666666666667
1105,Fe3O4,145.8,17.7,1.4128925872589388e-10,68.484,168.0,231.5326,2.75,Fe,0.8525
1106,SiO2,13.0,-27.0,0.0032729239202234,22.366335,24.0, ,2.9266666666666663,Si, 
1107,SiO2,15.0,-35.9,0.05,10.238,24.0, ,2.9266666666666663,Si, 
1108,TiO2,124.9,-17.6,2.458521360223581e-13,98.57143,6.0,79.8658,2.806666666666666,Ti,0.8516666666666667
1109,Ag,28.41,-33.33,5.688726688070381e-08,40.13245,72.0,107.8682,1.93,Ag,1.086666666666667
1110,SiO2,13.0,-27.0,0.0032729239202234,69.8427,24.0, ,2.9266666666666663,Si, 
1111,Au,50.0,24.4,0.01,77.284,48.0,196.966569,2.54,Au, 
1112,SiO2,19.4,-35.9,0.008,101.06,24.0, ,2.9266666666666663,Si, 
1113,Fe3O4,274.1,-27.7,3.4023155854048075e-10,85.35354,48.0,231.5326,2.75,Fe,0.8525
1114,TiO2,420.7,-9.96,1.206271416553471e-10,127.4807,6.0,79.8658,2.806666666666666,Ti,0.8516666666666667
1115,ZnO,100.0,-26.0,0.03,60.262,48.0,81.4084,2.545,Zn,0.88
1116,TiO2,38.0,-17.6,1.091240621311237e-08,94.90909,24.0,79.8658,2.806666666666666,Ti,0.8516666666666667
1117,ZnO,100.0,-26.0,0.03,60.262,48.0,81.4084,2.545,Zn,0.88
1118,Cu2O,88.5,118.7302016664654,1.091147106858293e-09,54.658386,24.0,143.0914,2.4133333333333336,Cu,0.82
1119,SiO2,21.06,-35.9,0.1,59.611,24.0, ,2.9266666666666663,Si, 
1120,Co3O4,78.3,45.31207623750339,0.01,70.635,48.0,240.797185,2.771428571428572,Co,0.7683333333333334
1121,Au,6.3,24.4,0.005,96.61,24.0,196.966569,2.54,Au, 
1122,Ag,28.41,-33.33,2.84436334403519e-07,9.1694355,48.0,107.8682,1.93,Ag,1.086666666666667
1123,Au,6.3,24.4,0.0006,99.112,24.0,196.966569,2.54,Au, 
1124,CuO,46.3,-39.67,0.0001,95.082,24.0,79.5454,2.67,Cu,0.82
1125,Al2O3,239.0,8.667160493827168,5.996465006486421e-12,34.19274,24.0,101.9612772, ,Al,0.675
1126,Au,20.0,24.4,0.000196966569,100.25317,48.0,196.966569,2.54,Au, 
1127,TiO2,25.0,-17.6,0.1,95.161,6.0,79.8658,2.806666666666666,Ti,0.8516666666666667
1128,Ag,28.41,-33.33,8.533090032105572e-08,2.0833333,72.0,107.8682,1.93,Ag,1.086666666666667
1129,ZnO,165.0,-26.0,8.195875402680561e-12,86.02409,48.0,81.4084,2.545,Zn,0.88
1130,SiO2,280.0,-35.9,0.005,100.28,48.0, ,2.9266666666666663,Si, 
1131,Au,6.3,24.4,0.0003,99.739,24.0,196.966569,2.54,Au, 
1132,TiO2,50.0,-17.6,0.0008,88.328,24.0,79.8658,2.806666666666666,Ti,0.8516666666666667
1133,CuO,46.3,-39.67,0.0001,95.082,24.0,79.5454,2.67,Cu,0.82
1134,Al2O3,13.0,8.667160493827168,0.2,54.026,24.0,101.9612772, ,Al,0.675
1135,Au,18.0,24.4,0.0006,86.849,24.0,196.966569,2.54,Au, 
1136,MnO,14.0,79.47903071527261,7.633750982421941e-06,78.984985,96.0,70.937445, ,Mn,0.6483333333333333
1137,Cu2O,88.5,118.7302016664654,1.0911471068582928e-10,95.2381,3.0,143.0914,2.4133333333333336,Cu,0.82
1138,Fe3O4,361.4,12.1,1.855441514797428e-11,82.954544,72.0,231.5326,2.75,Fe,0.8525
1139,TiO2,160.5,-27.8,2.172388338752741e-09,101.6,3.0,79.8658,2.806666666666666,Ti,0.8516666666666667
1140,Au,215.0,24.4,0.0012,77.41,24.0,196.966569,2.54,Au, 
1141,TiO2,21.0,-17.6,1.0,39.106,48.0,79.8658,2.806666666666666,Ti,0.8516666666666667
1142,SiO2,375.4,-26.8,6.795996813461911e-10,71.08696,12.0, ,2.9266666666666663,Si, 
1143,Co3O4,200.0,45.31207623750339,1.280398948507251e-09,97.52577,24.0,240.797185,2.771428571428572,Co,0.7683333333333334
1144,Ag,28.41,-33.33,8.533090032105572e-07,4.385382,48.0,107.8682,1.93,Ag,1.086666666666667
1145,Fe3O4,361.4,12.1,9.27720757398714e-12,93.6590295,4.0,231.5326,2.75,Fe,0.8525
1146,Cu2O,88.5,118.7302016664654,1.091147106858293e-09,30.05291,24.0,143.0914,2.4133333333333336,Cu,0.82
1147,SiO2,375.4,-26.8,3.3979984067309565e-10,72.391304,12.0, ,2.9266666666666663,Si, 
1148,Fe3O4,361.4,12.1,9.27720757398714e-12,84.09091,24.0,231.5326,2.75,Fe,0.8525
1149,CuO,40.0,-39.67,0.05,85.872,24.0,79.5454,2.67,Cu,0.82
1150,Au,18.0,24.4,0.0006,100.29,24.0,196.966569,2.54,Au, 
1151,CuO,28.0,-39.67,0.005,51.746,48.0,79.5454,2.67,Cu,0.82
1152,CuO,239.0,-39.67,2.9284839160272786e-11,65.16854,12.0,79.5454,2.67,Cu,0.82
1153,SiO2,280.0,-35.9,1.0,23.077,48.0, ,2.9266666666666663,Si, 
1154,Pt,13.5,-8.0,5.861569102067081e-07,88.28829,72.0, , ,Pt,0.805
1155,CuO,28.0,-39.67,0.025,20.317,48.0,79.5454,2.67,Cu,0.82
1156,SiO2,59.72,-35.9,0.2,31.435,72.0, ,2.9266666666666663,Si, 
1157,Fe3O4,361.4,12.1,9.27720757398714e-12,86.60592,72.0,231.5326,2.75,Fe,0.8525
1158,C56H103N9O39,40.0,34.6,0.01,60.323,12.0,1526.45392,2.564830917874396,C,0.3
1159,TiO2,160.5,-27.8,8.689553355010964e-10,109.6,24.0,79.8658,2.806666666666666,Ti,0.8516666666666667
1160,ZnO,100.0,-26.0,0.01,104.8,24.0,81.4084,2.545,Zn,0.88
1161,SiO2,60.0,32.0,1.5021075e-10,108.29269,48.0, ,2.9266666666666663,Si, 
1162,ZnO,60.0,-26.0,1.574917970775073e-11,80.81022,4.0,81.4084,2.545,Zn,0.88
1163,Cu2O,88.5,118.7302016664654,1.129886539051926e-07,21.16402,24.0,143.0914,2.4133333333333336,Cu,0.82
1164,Au,33.69,24.4,0.4,128.7,24.0,196.966569,2.54,Au, 
1165,SiO2,375.4,-26.8,6.795996813461911e-10,105.96491,24.0, ,2.9266666666666663,Si, 
1166,ZnO,71.0,-26.0,0.1,79.429,48.0,81.4084,2.545,Zn,0.88
1167,MgO,8.0,-7.01,1.046023801991061e-06,106.89163,24.0,40.3044,2.375,Mg, 
1168,C23H40N2O18,98.4,-14.6,2.216399204923571e-07,100.60976,24.0,632.5663,2.5861445783132533,C,0.3
1169,Cu2O,88.5,118.7302016664654,3.633050017893904e-08,23.354036,24.0,143.0914,2.4133333333333336,Cu,0.82
1170,ZnO,75.0,-26.0,0.125,95.027,3.0,81.4084,2.545,Zn,0.88
1171,ZnO,173.48,-26.0,0.08,35.084,24.0,81.4084,2.545,Zn,0.88
1172,Au,90.0,24.4,0.005,85.909,48.0,196.966569,2.54,Au, 
1173,Au,61.46,24.4,0.02,6.6667,96.0,196.966569,2.54,Au, 
1174,CeO2,20.3,20.020605822958544,0.2,104.97,24.0,172.1148,2.6666666666666665,Ce,1.08
1175,Fe3O4,28.33,49.25722173011928,0.05,74.783,48.0,231.5326,2.75,Fe,0.8525
1176,Fe3O4,957.0,49.25722173011928,1.59880642016515e-11,95.505615,12.0,231.5326,2.75,Fe,0.8525
1177,TiO2,81.8,-17.6,0.01,76.505,48.0,79.8658,2.806666666666666,Ti,0.8516666666666667
1178,Fe3O4,361.4,12.1,3.710883029594856e-11,60.795456,72.0,231.5326,2.75,Fe,0.8525
1179,TiO2,30.6,-17.6,0.0025,80.0,24.0,79.8658,2.806666666666666,Ti,0.8516666666666667
1180,TiO2,38.0,-17.6,5.4562031065561835e-09,97.09091,24.0,79.8658,2.806666666666666,Ti,0.8516666666666667
1181,ZnO,3.0,-26.0,0.407042,29.932598,24.0,81.4084,2.545,Zn,0.88
1182,Fe3O4,145.8,17.7,5.651570349035752e-10,104.83871,72.0,231.5326,2.75,Fe,0.8525
1183,C56H103N9O39,122.0,26.5,3.554624895642402e-06,85.87156,4.0,1526.45392,2.564830917874396,C,0.3
1184,SiO2,115.0,-48.0,1.5021075e-07,75.789474,96.0, ,2.9266666666666663,Si, 
1185,ZnO,165.0,-26.0,8.195875402680561e-12,95.34369,6.0,81.4084,2.545,Zn,0.88
1186,Fe3O4,46.8,49.25722173011928,0.05,99.013,12.0,231.5326,2.75,Fe,0.8525
1187,CdO,179.3,88.18023735375812,4.3343358586329137e-11,14.606205,24.0, ,2.565,Cd,1.09
1188,SiO2,21.06,-35.9,0.2,59.124,24.0, ,2.9266666666666663,Si, 
1189,CuO,52.51,-39.67,6.9032006960479404e-09,66.055046,24.0,79.5454,2.67,Cu,0.82
1190,SiO2,21.06,-35.9,0.05,50.797,72.0, ,2.9266666666666663,Si, 
1191,Se,79.6,0.0,6.194628195007021e-10,44.062363,24.0, ,2.55,Se,1.0133333333333334
1192,C56H103N9O39,240.0,43.9,3.501876360407152e-07,69.825325,24.0,1526.45392,2.564830917874396,C,0.3
1193,TiO2,160.5,-27.8,8.689553355010964e-10,104.0,3.0,79.8658,2.806666666666666,Ti,0.8516666666666667
1194,Pt,13.5,-40.5,2.93078455103354e-07,59.443943,48.0, , ,Pt,0.805
1195,TiO2,11.69,-17.6,1.145463171416656e-05,61.43498,24.0,79.8658,2.806666666666666,Ti,0.8516666666666667
1196,CeO2,25.0,20.020605822958544,0.025,105.14,24.0,172.1148,2.6666666666666665,Ce,1.08
1197,Fe3O4,196.4,49.25722173011928,1.849725341605939e-11,95.28805,72.0,231.5326,2.75,Fe,0.8525
1198,SiO2,25.0,30.0,1.5021075e-07,98.4127197,96.0, ,2.9266666666666663,Si, 
1199,Pt,13.5,-40.5,5.861569102067081e-07,35.776398,72.0, , ,Pt,0.805
1200,TiO2,150.0,-17.6,5.706961419520449e-09,88.7218,4.0,79.8658,2.806666666666666,Ti,0.8516666666666667
1201,C56H103N9O39,155.0,28.8,2.426644801585297e-06,81.46789,4.0,1526.45392,2.564830917874396,C,0.3
1202,Fe3O4,13.5,49.25722173011928,0.02315326,99.80574,48.0,231.5326,2.75,Fe,0.8525
1203,TiO2,6.0,-17.6,0.05,89.34,24.0,79.8658,2.806666666666666,Ti,0.8516666666666667
1204,SiO2,60.0,-30.0,1.5021075e-08,108.82591,48.0, ,2.9266666666666663,Si, 
1205,Cu2O,88.5,118.7302016664654,3.760076999485917e-08,69.06832,3.0,143.0914,2.4133333333333336,Cu,0.82
1206,SiO2,14.0,-35.9,3.930729146901029e-07,107.182915,24.0, ,2.9266666666666663,Si, 
1207,Fe3O4,957.0,49.25722173011928,1.59880642016515e-16,98.1869159,24.0,231.5326,2.75,Fe,0.8525
1208,TiO2,38.0,-17.6,1.091240621311237e-08,90.0,24.0,79.8658,2.806666666666666,Ti,0.8516666666666667
1209,MgO,39.2,-7.01,0.0001,100.0,12.0,40.3044,2.375,Mg, 
1210,Fe3O4,326.5,-23.5,4.0260775876441976e-12,98.82833,48.0,231.5326,2.75,Fe,0.8525
1211,Fe3O4,145.8,17.7,5.651570349035752e-10,88.389831,1.0,231.5326,2.75,Fe,0.8525
1212,ZnO,18.76,-26.0,0.01,79.362,24.0,81.4084,2.545,Zn,0.88
1213,CuO,239.0,-39.67,2.9284839160272802e-15,96.62921,24.0,79.5454,2.67,Cu,0.82
1214,Fe3O4,361.4,12.1,4.631182020934381e-12,23.12519,72.0,231.5326,2.75,Fe,0.8525
1215,C56H103N9O39,240.0,43.9,3.501876360407152e-07,63.071323,24.0,1526.45392,2.564830917874396,C,0.3
1216,C56H103N9O39,260.0,47.0,2.754320596624287e-07,94.104805,24.0,1526.45392,2.564830917874396,C,0.3
1217,Fe3O4,361.4,12.1,7.421766059189711e-11,93.133453,1.0,231.5326,2.75,Fe,0.8525
1218,C23H40N2O18,95.5,-9.8,2.424505458617678e-06,92.0,24.0,632.5663,2.5861445783132533,C,0.3
1219,Fe3O4,145.8,17.7,7.053159795596625e-11,112.66376,72.0,231.5326,2.75,Fe,0.8525
1220,TiO2,20.0,-17.6,3.742409710786886e-07,81.304344,24.0,79.8658,2.806666666666666,Ti,0.8516666666666667
1221,TiO2,25.0,-17.6,0.005,95.645,24.0,79.8658,2.806666666666666,Ti,0.8516666666666667
1222,SiO2,199.89,-35.9,0.2,62.779,24.0, ,2.9266666666666663,Si, 
1223,ZnO,24.0,43.8,1.662886651103062e-07,34.285713,48.0,81.4084,2.545,Zn,0.88
1224,SiO2,59.72,-35.9,0.5,62.283,24.0, ,2.9266666666666663,Si, 
1225,TiO2,170.0,-17.6,7.31266705140527e-10,17.432053,24.0,79.8658,2.806666666666666,Ti,0.8516666666666667
1226,Ag,28.41,-33.33,5.688726688070381e-07,4.680851,72.0,107.8682,1.93,Ag,1.086666666666667
1227,Pt,13.5,-8.0,1.172313820413416e-06,84.78593,48.0, , ,Pt,0.805
1228,Au,21.7,-7.6,0.0001575732552,71.33922,24.0,196.966569,2.54,Au, 
1229,CuO,239.0,-39.67,2.92848391602728e-13,96.62921,12.0,79.5454,2.67,Cu,0.82
1230,Pt,13.5,-8.0,1.172313820413416e-06,92.11533,48.0, , ,Pt,0.805
1231,TiO2,11.69,-17.6,1.43182896427082e-06,93.2735424,24.0,79.8658,2.806666666666666,Ti,0.8516666666666667
1232,CuO,52.51,-39.67,0.025,69.0,24.0,79.5454,2.67,Cu,0.82
1233,SiO2,59.72,-35.9,0.2,64.02,24.0, ,2.9266666666666663,Si, 
1234,SiO2,437.0,21.7,6.720727068213873e-12,101.052635,24.0, ,2.9266666666666663,Si, 
1235,Au,5.0,24.4,0.0125,6.6667,72.0,196.966569,2.54,Au, 
1236,Pt,13.5,-8.0,1.172313820413416e-06,86.99511,72.0, , ,Pt,0.805
1237,CuO,239.0,-39.67,2.92848391602728e-13,44.36371,12.0,79.5454,2.67,Cu,0.82
1238,Au,30.0,24.4,0.001,96.193,72.0,196.966569,2.54,Au, 
1239,SiO2,14.23,-35.9,0.1,63.816,72.0, ,2.9266666666666663,Si, 
1240,TiO2,124.9,-17.6,2.458521360223581e-13,98.57143,24.0,79.8658,2.806666666666666,Ti,0.8516666666666667
1241,Au,50.0,24.4,0.00625,98.377,72.0,196.966569,2.54,Au, 
